EmployeeID,EnvironmentSatisfaction,JobSatisfaction,WorkLifeBalance,YearsAtCompany
1,3,4,2,1
2,3,2,4,5
3,2,2,1,5
4,4,4,3,8
5,4,1,3,6
6,3,2,2,7
7,1,3,1,0
8,1,2,3,0
9,2,4,3,9
10,2,1,3,6
11,3,4,3,20
12,NA,4,3,15
13,4,1,3,36
14,1,2,2,10
15,4,4,2,5
16,3,4,4,5
17,4,3,4,3
18,1,4,3,5
19,2,2,2,7
20,1,1,3,8
21,3,2,1,6
22,1,2,2,10
23,3,3,2,5
24,2,3,3,20
25,2,4,2,10
26,2,4,3,10
27,1,1,3,5
28,4,4,3,17
29,4,3,1,1
30,4,4,3,2
31,1,2,3,3
32,4,4,3,5
33,3,1,3,3
34,3,2,3,8
35,4,2,2,2
36,4,4,3,8
37,2,4,2,4
38,3,2,4,20
39,3,3,3,0
40,3,2,2,11
41,3,NA,3,1
42,4,2,3,4
43,4,2,3,22
44,4,3,3,0
45,2,1,3,8
46,2,4,2,8
47,3,4,2,18
48,2,2,3,9
49,4,3,2,13
50,1,2,3,10
51,4,3,3,5
52,3,4,3,5
53,1,1,3,2
54,1,1,3,24
55,3,4,1,2
56,4,2,3,10
57,3,1,3,21
58,3,4,3,8
59,3,3,3,7
60,3,2,2,8
61,3,2,2,4
62,3,2,3,13
63,4,3,3,5
64,4,4,3,7
65,1,4,2,7
66,1,4,2,3
67,4,4,3,10
68,3,3,3,10
69,3,4,3,21
70,4,3,2,1
71,2,4,2,7
72,4,3,3,3
73,3,3,4,9
74,3,2,3,5
75,4,3,2,4
76,3,1,2,1
77,4,4,3,10
78,2,4,2,4
79,2,1,2,7
80,2,4,3,3
81,4,3,3,10
82,2,2,3,8
83,4,4,2,6
84,3,4,3,11
85,3,4,NA,11
86,4,2,3,7
87,3,2,3,16
88,3,4,2,4
89,4,2,3,5
90,2,3,3,0
91,1,4,3,1
92,4,3,2,4
93,3,3,3,3
94,3,2,3,8
95,1,3,1,0
96,3,1,3,7
97,4,3,4,2
98,3,3,3,8
99,1,4,3,1
100,1,2,3,3
101,4,4,3,1
102,1,4,3,13
103,4,3,3,3
104,4,3,3,7
105,1,4,2,3
106,4,3,3,1
107,3,1,3,5
108,3,3,4,1
109,1,2,3,8
110,4,4,3,4
111,3,3,3,6
112,NA,2,3,2
113,3,2,3,1
114,4,4,3,3
115,3,2,3,1
116,4,2,3,5
117,2,4,3,7
118,2,3,3,5
119,3,4,2,7
120,4,3,3,2
121,1,4,2,5
122,3,4,3,5
123,4,3,4,5
124,3,2,3,1
125,3,NA,3,6
126,1,2,3,2
127,2,3,3,10
128,3,4,3,1
129,4,1,2,18
130,4,2,3,5
131,2,1,3,5
132,3,2,2,1
133,1,2,3,25
134,2,3,3,1
135,1,1,2,4
136,3,3,3,3
137,2,1,1,13
138,4,4,3,3
139,3,3,3,5
140,2,4,3,5
141,2,3,3,13
142,4,1,3,4
143,2,3,3,21
144,3,1,2,7
145,2,3,3,5
146,2,1,3,10
147,3,1,3,10
148,1,1,3,2
149,4,3,3,5
150,1,4,2,2
151,4,4,1,5
152,1,3,3,5
153,3,4,3,5
154,1,1,1,29
155,3,3,2,10
156,4,4,4,6
157,1,2,3,5
158,4,3,2,2
159,4,4,3,1
160,3,3,3,20
161,1,4,1,3
162,3,4,1,5
163,2,3,3,10
164,3,2,4,2
165,1,4,4,1
166,3,1,3,9
167,1,4,2,1
168,2,3,3,27
169,3,4,2,11
170,3,1,4,18
171,1,4,3,5
172,1,3,1,3
173,4,3,3,5
174,3,3,3,1
175,4,3,3,7
176,3,4,3,3
177,3,2,4,13
178,2,3,4,7
179,1,4,3,4
180,4,2,3,3
181,4,3,3,8
182,1,3,3,1
183,2,1,3,3
184,2,3,3,2
185,2,4,2,10
186,3,3,3,2
187,2,4,3,9
188,1,2,3,10
189,4,4,3,14
190,2,3,3,11
191,2,3,3,20
192,3,3,3,8
193,2,4,4,6
194,4,1,2,10
195,4,2,4,8
196,NA,3,2,7
197,4,4,4,3
198,1,3,3,6
199,3,4,2,5
200,2,2,3,0
201,3,1,3,1
202,1,3,3,8
203,1,3,3,0
204,1,3,3,5
205,4,4,3,10
206,3,4,1,1
207,2,4,4,6
208,1,3,2,2
209,2,1,3,18
210,1,2,3,9
211,4,1,3,10
212,4,3,3,4
213,4,4,3,2
214,3,3,3,1
215,2,2,2,6
216,4,3,3,31
217,2,4,3,6
218,1,2,4,5
219,4,2,3,1
220,1,2,3,32
221,2,3,3,7
222,1,3,3,6
223,2,1,4,1
224,2,4,3,6
225,2,1,1,3
226,1,4,3,3
227,1,4,4,7
228,1,3,2,5
229,4,3,2,3
230,4,2,4,1
231,3,4,3,10
232,2,4,2,1
233,3,1,2,0
234,4,3,3,8
235,4,1,1,3
236,1,3,4,2
237,3,3,3,8
238,3,1,3,4
239,3,3,3,3
240,4,4,4,2
241,1,3,3,2
242,3,3,3,5
243,1,4,2,6
244,3,3,3,1
245,4,1,4,14
246,2,4,2,10
247,1,1,3,1
248,3,4,3,3
249,3,3,3,10
250,2,3,2,6
251,2,4,3,17
252,3,4,1,13
253,3,2,4,9
254,2,2,3,3
255,1,4,3,4
256,4,3,3,1
257,1,1,3,10
258,3,3,3,1
259,1,1,4,3
260,4,2,3,3
261,4,4,3,7
262,2,4,3,10
263,2,2,3,2
264,4,4,3,6
265,4,4,3,1
266,4,3,3,20
267,4,2,4,8
268,1,3,3,2
269,4,3,3,20
270,4,4,2,10
271,2,3,3,4
272,2,4,2,9
273,3,1,3,9
274,3,4,NA,7
275,4,1,3,7
276,4,1,3,18
277,3,3,3,5
278,2,4,2,21
279,1,1,3,2
280,4,1,2,9
281,4,3,3,22
282,4,2,3,2
283,1,2,3,7
284,1,1,3,8
285,3,3,4,1
286,1,3,3,5
287,4,3,2,22
288,3,4,2,8
289,3,3,3,1
290,3,3,3,2
291,4,4,3,2
292,2,3,3,5
293,2,1,4,4
294,3,2,1,8
295,3,4,2,10
296,4,4,2,4
297,4,1,1,7
298,4,2,3,2
299,4,4,3,2
300,4,1,4,1
301,NA,4,3,10
302,4,3,1,1
303,2,1,3,0
304,3,1,4,34
305,4,4,2,10
306,3,4,2,6
307,2,3,3,8
308,1,3,3,2
309,2,3,3,5
310,4,4,3,6
311,4,1,3,5
312,1,1,3,10
313,4,4,3,4
314,1,NA,3,2
315,2,3,2,8
316,4,1,2,4
317,2,4,3,4
318,4,1,3,5
319,3,4,3,4
320,4,1,2,5
321,1,1,3,15
322,3,1,3,6
323,1,4,2,3
324,4,3,3,2
325,3,2,3,8
326,3,1,3,3
327,2,4,2,24
328,3,1,3,0
329,3,2,3,1
330,4,3,3,5
331,3,3,3,4
332,2,1,3,1
333,3,3,4,13
334,1,1,3,3
335,3,4,2,26
336,3,2,3,9
337,3,3,3,10
338,4,2,3,31
339,4,3,3,2
340,4,4,3,4
341,3,3,2,2
342,3,2,3,5
343,3,3,3,14
344,1,3,3,1
345,3,4,2,0
346,2,3,3,1
347,2,2,2,9
348,1,1,2,4
349,3,4,3,5
350,3,4,4,9
351,3,4,2,9
352,2,1,3,4
353,3,4,3,9
354,3,3,4,8
355,2,2,3,8
356,3,4,1,3
357,3,3,3,8
358,4,4,2,0
359,1,3,2,20
360,4,2,2,5
361,1,1,2,4
362,1,1,3,9
363,3,1,2,6
364,2,4,2,18
365,2,4,2,5
366,2,4,2,5
367,1,4,3,5
368,4,1,3,5
369,3,3,2,5
370,3,4,3,9
371,4,3,3,1
372,2,4,3,5
373,4,4,1,2
374,1,4,2,3
375,2,4,3,2
376,1,1,3,5
377,3,1,3,5
378,4,3,3,17
379,4,2,2,10
380,4,4,3,3
381,3,1,4,5
382,3,1,3,4
383,1,4,2,5
384,2,2,3,10
385,2,2,3,2
386,3,4,2,5
387,4,4,3,6
388,2,3,3,3
389,1,4,3,2
390,4,2,3,13
391,3,4,3,5
392,4,4,3,12
393,4,4,2,5
394,3,4,3,7
395,1,2,3,10
396,1,1,3,31
397,4,4,3,5
398,4,2,4,4
399,1,4,1,1
400,1,4,3,4
401,2,1,3,8
402,1,4,3,4
403,4,4,2,1
404,1,2,4,1
405,3,3,2,2
406,NA,4,2,1
407,3,4,2,16
408,4,4,2,3
409,2,3,4,3
410,2,4,2,7
411,3,3,3,2
412,4,1,1,2
413,2,3,3,1
414,2,2,3,1
415,3,3,3,5
416,3,1,3,3
417,3,2,3,6
418,2,3,4,7
419,4,4,1,10
420,1,2,2,26
421,4,3,2,0
422,4,3,2,9
423,2,4,3,6
424,4,1,3,15
425,3,2,3,3
426,3,2,3,1
427,1,2,2,1
428,3,1,3,7
429,4,1,3,18
430,3,3,3,11
431,4,2,4,1
432,1,1,3,1
433,4,4,1,9
434,4,2,3,1
435,3,1,4,8
436,3,4,3,16
437,2,4,3,5
438,1,3,1,14
439,3,2,2,9
440,3,4,3,3
441,3,3,3,5
442,4,4,2,9
443,4,3,3,1
444,3,3,4,17
445,3,3,4,8
446,3,4,3,5
447,4,4,3,10
448,1,3,3,8
449,2,2,2,1
450,3,3,4,19
451,1,4,3,7
452,3,1,3,3
453,4,3,3,10
454,4,1,3,0
455,2,4,3,3
456,4,4,3,5
457,4,4,2,5
458,3,2,3,6
459,1,3,4,18
460,3,2,3,2
461,4,1,3,9
462,4,4,3,9
463,1,3,3,5
464,4,3,3,12
465,3,3,2,2
466,4,3,3,8
467,4,3,3,4
468,3,2,1,4
469,3,1,3,4
470,2,4,3,0
471,3,3,3,10
472,3,3,2,16
473,2,1,2,8
474,4,1,3,1
475,2,2,3,3
476,4,4,3,8
477,2,1,2,4
478,1,3,3,2
479,3,3,3,15
480,4,3,3,2
481,4,4,3,21
482,1,4,3,3
483,2,4,2,3
484,4,3,NA,1
485,1,4,3,1
486,3,4,3,5
487,1,2,1,1
488,3,2,3,8
489,2,3,3,21
490,NA,4,3,1
491,2,1,3,2
492,1,4,3,32
493,4,4,3,12
494,4,3,3,18
495,3,1,3,17
496,4,1,3,21
497,2,4,2,2
498,4,4,4,9
499,4,3,3,8
500,2,4,2,15
501,2,4,1,6
502,2,2,3,6
503,3,2,3,15
504,1,3,2,1
505,1,1,3,3
506,3,3,3,1
507,4,2,3,1
508,3,3,3,2
509,2,3,2,8
510,4,2,2,4
511,3,1,2,7
512,1,3,3,5
513,4,4,3,2
514,3,3,3,9
515,1,3,3,5
516,4,4,2,14
517,3,1,4,9
518,3,4,3,1
519,4,4,3,2
520,3,1,2,1
521,4,1,3,16
522,1,3,4,10
523,2,1,2,10
524,1,1,3,5
525,3,1,2,6
526,2,3,3,10
527,3,3,2,19
528,1,4,3,11
529,1,3,3,3
530,4,2,3,3
531,3,3,4,8
532,2,1,3,20
533,4,4,3,3
534,4,1,3,8
535,1,3,3,13
536,1,3,2,4
537,1,4,2,6
538,4,4,3,1
539,4,4,4,7
540,1,3,2,1
541,1,2,3,2
542,4,1,3,22
543,1,2,3,1
544,4,3,3,0
545,4,2,3,3
546,3,4,3,0
547,1,4,2,5
548,2,3,3,15
549,2,2,3,8
550,3,3,3,8
551,3,4,3,7
552,4,2,2,9
553,1,3,3,12
554,4,2,3,1
555,3,1,3,8
556,1,4,3,18
557,3,3,4,20
558,4,2,4,2
559,3,2,2,5
560,1,4,3,11
561,3,4,3,2
562,1,2,1,5
563,4,4,3,5
564,4,2,3,9
565,4,3,2,3
566,4,2,2,7
567,2,4,3,1
568,2,4,2,10
569,3,3,4,7
570,3,3,3,3
571,3,3,3,0
572,1,1,3,5
573,2,4,3,1
574,3,3,2,2
575,3,4,3,6
576,4,3,3,4
577,2,3,2,6
578,3,3,1,5
579,4,1,1,11
580,2,3,2,18
581,3,1,2,21
582,2,1,4,6
583,4,3,3,8
584,4,2,3,4
585,3,4,2,1
586,1,4,3,8
587,3,NA,3,10
588,3,4,1,1
589,3,2,4,7
590,4,1,3,13
591,4,4,4,2
592,1,3,2,4
593,3,1,3,1
594,4,1,3,5
595,2,4,3,10
596,3,1,3,1
597,1,3,2,3
598,4,4,2,14
599,1,3,2,2
600,3,3,3,6
601,4,3,3,7
602,2,4,2,5
603,3,4,3,0
604,3,1,3,26
605,4,3,3,0
606,2,3,3,5
607,1,1,1,1
608,3,1,3,4
609,2,2,3,0
610,4,1,NA,2
611,4,1,3,6
612,4,2,3,4
613,3,1,3,7
614,4,2,1,1
615,2,3,2,10
616,3,3,3,7
617,3,3,2,10
618,4,4,3,20
619,3,4,3,2
620,4,4,2,6
621,4,1,4,4
622,2,4,3,11
623,3,2,3,2
624,4,3,3,8
625,3,1,3,7
626,1,4,3,14
627,2,2,4,5
628,3,4,3,4
629,4,2,3,11
630,1,1,3,1
631,3,4,2,13
632,1,1,2,9
633,4,3,1,5
634,1,4,3,10
635,1,2,4,1
636,1,4,3,3
637,4,4,3,10
638,3,1,2,6
639,3,1,3,10
640,3,4,3,6
641,3,4,3,8
642,1,3,4,1
643,3,2,2,11
644,4,2,2,1
645,1,3,3,5
646,3,4,3,6
647,4,4,4,1
648,4,4,2,7
649,3,3,2,1
650,2,2,3,22
651,4,3,3,9
652,2,4,3,1
653,4,3,3,1
654,3,4,3,1
655,3,4,2,8
656,1,2,3,24
657,4,2,3,33
658,1,3,1,2
659,4,2,3,11
660,3,1,3,3
661,4,2,2,29
662,4,4,2,9
663,3,2,4,11
664,4,3,2,4
665,3,1,2,25
666,3,2,4,10
667,3,3,3,3
668,2,2,3,1
669,4,4,4,21
670,3,2,3,16
671,1,4,3,10
672,4,4,3,2
673,2,3,2,7
674,3,3,3,8
675,2,3,3,7
676,4,1,2,3
677,4,2,2,2
678,3,4,4,10
679,NA,2,3,0
680,3,2,3,19
681,1,3,3,2
682,4,3,3,10
683,3,1,3,5
684,1,4,3,9
685,4,3,3,7
686,4,1,4,7
687,3,4,3,9
688,4,1,3,3
689,4,2,3,5
690,2,2,2,8
691,2,1,3,9
692,1,3,3,8
693,4,3,2,10
694,3,2,3,19
695,4,2,4,3
696,1,1,4,3
697,3,3,2,20
698,4,3,3,19
699,4,2,3,7
700,3,3,3,4
701,4,4,2,9
702,3,4,3,9
703,3,1,3,9
704,3,3,3,9
705,3,2,3,33
706,2,1,3,7
707,3,1,4,10
708,4,4,2,3
709,3,1,2,10
710,2,2,3,4
711,1,1,2,15
712,4,4,3,10
713,3,4,3,1
714,4,2,2,5
715,4,4,4,0
716,4,4,3,9
717,4,4,3,6
718,1,3,2,19
719,4,2,3,19
720,1,3,3,5
721,2,3,3,12
722,2,3,3,8
723,3,4,4,1
724,4,3,2,4
725,4,3,3,4
726,3,4,4,14
727,3,1,3,5
728,4,3,2,10
729,1,4,4,5
730,2,2,3,4
731,4,4,2,6
732,3,3,3,6
733,2,4,4,5
734,3,2,2,3
735,3,3,3,6
736,1,3,NA,3
737,4,3,2,5
738,1,3,1,20
739,4,4,3,6
740,4,3,3,8
741,1,4,3,4
742,3,1,3,20
743,3,1,1,5
744,1,3,3,3
745,3,4,3,2
746,1,4,2,3
747,3,1,3,7
748,2,1,2,10
749,1,1,3,4
750,3,4,3,8
751,4,4,2,20
752,4,1,3,9
753,2,4,4,7
754,1,2,3,5
755,2,3,3,1
756,4,1,3,3
757,1,2,4,3
758,4,1,3,4
759,1,2,4,1
760,2,1,4,5
761,1,4,2,10
762,3,1,2,3
763,1,4,2,6
764,1,1,3,3
765,3,3,1,6
766,1,1,4,3
767,1,3,4,20
768,4,3,3,5
769,4,4,2,4
770,4,2,2,5
771,2,3,2,4
772,3,3,4,8
773,1,4,3,13
774,1,4,4,7
775,1,1,4,1
776,3,2,3,10
777,2,1,3,7
778,4,2,3,3
779,2,4,1,2
780,2,4,4,3
781,3,1,3,2
782,1,3,3,2
783,4,2,3,9
784,4,1,3,5
785,3,3,3,5
786,4,2,2,9
787,1,3,2,3
788,3,3,4,3
789,4,2,2,5
790,4,1,3,4
791,4,1,3,13
792,4,3,2,2
793,1,4,3,12
794,1,3,2,1
795,3,3,2,1
796,2,3,2,12
797,3,2,3,8
798,2,1,2,14
799,1,3,4,3
800,1,2,1,5
801,1,2,4,15
802,4,3,3,1
803,2,1,2,0
804,4,2,3,1
805,2,3,2,2
806,3,3,3,10
807,3,3,4,5
808,4,3,3,3
809,1,2,3,5
810,3,3,2,5
811,3,1,2,0
812,1,3,1,1
813,3,1,3,4
814,3,1,3,3
815,4,2,3,3
816,3,2,2,8
817,4,3,3,0
818,3,4,4,5
819,2,4,3,14
820,1,1,1,9
821,4,1,4,20
822,2,2,3,2
823,3,2,4,13
824,4,2,1,11
825,1,3,3,4
826,4,1,1,5
827,4,3,3,10
828,4,3,1,7
829,3,4,3,32
830,2,3,3,11
831,3,2,3,1
832,1,4,3,10
833,3,1,3,7
834,4,2,3,5
835,4,4,3,5
836,4,4,1,20
837,1,1,4,8
838,2,3,3,15
839,3,4,3,21
840,3,1,3,1
841,4,4,3,2
842,1,2,3,10
843,2,3,3,5
844,4,2,3,7
845,3,4,2,3
846,3,3,3,8
847,NA,3,2,1
848,1,1,1,2
849,2,1,3,10
850,3,3,3,6
851,4,1,3,3
852,3,2,3,4
853,1,1,3,1
854,3,4,3,33
855,3,2,3,5
856,4,1,2,6
857,3,1,2,8
858,1,4,1,1
859,3,4,3,36
860,2,NA,2,2
861,1,4,3,1
862,3,2,NA,9
863,2,2,4,3
864,2,3,3,1
865,2,1,3,10
866,1,3,3,5
867,4,3,3,7
868,1,4,4,6
869,3,3,3,1
870,4,3,3,2
871,1,1,3,3
872,4,4,3,1
873,2,3,2,10
874,4,3,2,8
875,4,1,3,5
876,4,2,3,6
877,3,4,2,1
878,4,1,1,26
879,3,2,3,1
880,2,3,2,4
881,2,3,3,30
882,2,4,3,3
883,2,4,2,22
884,2,2,2,6
885,3,1,3,10
886,1,1,3,10
887,4,1,3,5
888,3,3,3,3
889,3,4,3,9
890,3,1,2,9
891,2,1,3,7
892,4,1,3,7
893,2,1,3,16
894,2,1,2,5
895,3,4,3,2
896,2,4,4,0
897,4,3,3,5
898,3,3,3,10
899,1,3,3,18
900,3,3,3,14
901,3,3,2,4
902,1,3,1,9
903,4,4,3,10
904,4,3,4,5
905,4,1,3,13
906,2,2,1,8
907,3,4,2,4
908,1,4,3,10
909,3,4,3,2
910,NA,4,2,2
911,1,4,3,6
912,2,3,3,3
913,4,4,2,4
914,1,1,1,4
915,3,3,3,5
916,2,1,3,3
917,4,3,3,7
918,4,2,3,5
919,1,2,3,4
920,4,1,3,14
921,3,3,3,2
922,4,2,3,11
923,1,2,3,4
924,3,3,3,15
925,4,3,3,3
926,4,1,3,5
927,2,3,3,10
928,3,3,3,14
929,4,4,4,11
930,4,4,4,13
931,1,2,2,10
932,4,4,3,6
933,4,2,2,9
934,1,4,3,10
935,4,1,2,2
936,4,2,3,4
937,2,2,3,3
938,3,3,3,8
939,4,3,3,2
940,4,1,3,2
941,3,4,3,6
942,1,3,2,3
943,3,4,3,2
944,4,3,3,5
945,4,3,2,0
946,2,4,3,4
947,4,3,3,9
948,4,2,3,1
949,4,4,3,7
950,1,2,3,4
951,2,4,4,15
952,3,4,4,1
953,2,2,3,14
954,3,4,2,6
955,2,4,3,10
956,3,4,3,3
957,3,4,3,8
958,1,4,4,5
959,4,4,3,10
960,3,3,3,5
961,4,3,3,10
962,4,3,3,5
963,3,4,2,13
964,3,3,2,23
965,4,3,3,1
966,3,3,1,23
967,4,3,4,3
968,4,2,3,21
969,1,3,2,5
970,2,3,4,5
971,3,2,3,3
972,2,1,3,1
973,2,1,4,6
974,3,2,3,10
975,4,3,3,7
976,2,4,2,10
977,3,2,1,1
978,3,4,2,10
979,2,1,3,2
980,1,2,3,0
981,3,2,1,3
982,4,4,2,5
983,4,4,3,9
984,4,3,1,4
985,2,2,2,21
986,3,3,4,5
987,4,1,3,9
988,1,4,NA,2
989,3,4,2,4
990,1,3,3,5
991,3,4,2,6
992,2,2,3,2
993,4,3,4,3
994,3,1,3,7
995,4,4,3,5
996,4,2,2,11
997,4,4,4,5
998,1,1,2,0
999,3,2,2,6
1000,1,3,3,1
1001,4,1,3,1
1002,3,3,3,7
1003,2,2,3,7
1004,2,4,3,1
1005,3,3,3,1
1006,2,2,2,5
1007,3,1,3,1
1008,4,2,2,9
1009,3,1,3,5
1010,4,3,3,15
1011,1,3,2,3
1012,2,4,3,9
1013,4,4,3,2
1014,2,2,3,1
1015,4,3,3,5
1016,3,1,3,1
1017,1,4,3,12
1018,1,3,3,2
1019,2,2,3,5
1020,3,4,3,2
1021,4,1,3,12
1022,3,2,2,5
1023,3,2,2,10
1024,3,4,3,10
1025,4,1,3,10
1026,3,4,4,5
1027,3,3,3,4
1028,2,2,3,2
1029,3,1,2,4
1030,2,1,2,0
1031,2,4,3,7
1032,1,2,3,11
1033,4,1,2,7
1034,4,1,1,10
1035,3,4,3,2
1036,1,3,2,3
1037,2,2,1,3
1038,3,3,4,22
1039,1,3,3,7
1040,4,2,3,5
1041,4,2,4,9
1042,3,4,3,5
1043,2,3,3,10
1044,2,2,2,16
1045,2,3,4,5
1046,3,2,3,22
1047,2,1,3,7
1048,4,4,2,7
1049,1,1,3,3
1050,3,1,3,3
1051,2,4,2,4
1052,3,4,3,5
1053,1,3,3,2
1054,2,3,1,0
1055,4,1,3,1
1056,1,1,3,2
1057,3,3,4,8
1058,4,2,3,1
1059,1,4,3,7
1060,4,4,2,5
1061,4,4,4,11
1062,4,4,4,0
1063,3,3,2,6
1064,2,3,3,2
1065,4,4,2,9
1066,3,4,3,3
1067,4,3,3,7
1068,4,3,3,0
1069,3,2,2,2
1070,1,1,3,19
1071,2,3,3,9
1072,4,2,3,1
1073,1,3,3,16
1074,4,2,3,22
1075,4,4,2,1
1076,3,2,3,8
1077,4,1,2,7
1078,NA,4,3,2
1079,2,4,4,5
1080,2,2,3,1
1081,2,4,2,1
1082,4,2,3,1
1083,2,3,3,10
1084,2,3,3,10
1085,3,4,3,5
1086,4,1,3,3
1087,4,1,3,5
1088,4,2,3,3
1089,2,4,2,9
1090,2,4,2,10
1091,1,1,3,19
1092,2,3,2,1
1093,1,3,NA,8
1094,4,4,3,22
1095,2,1,3,2
1096,4,1,3,5
1097,1,4,3,4
1098,3,2,1,4
1099,3,2,3,5
1100,3,1,4,13
1101,3,4,3,5
1102,4,4,2,4
1103,1,3,2,2
1104,3,4,3,7
1105,2,3,3,4
1106,2,3,2,10
1107,3,4,3,7
1108,3,1,3,1
1109,1,3,3,3
1110,2,2,2,5
1111,3,4,3,15
1112,4,3,3,2
1113,3,2,4,8
1114,4,1,3,0
1115,1,1,3,10
1116,4,2,3,20
1117,4,4,2,1
1118,1,3,3,4
1119,2,4,4,5
1120,2,4,3,5
1121,2,4,3,0
1122,1,2,3,1
1123,2,1,1,5
1124,3,3,2,5
1125,3,1,4,4
1126,1,2,3,5
1127,1,4,2,14
1128,4,3,2,8
1129,3,1,2,7
1130,1,1,2,5
1131,3,4,3,5
1132,4,1,3,10
1133,3,4,2,4
1134,1,1,2,1
1135,3,4,3,10
1136,4,4,3,7
1137,4,4,3,1
1138,1,4,3,10
1139,1,1,2,2
1140,1,3,2,4
1141,4,3,3,9
1142,1,3,3,10
1143,4,2,3,6
1144,3,2,3,10
1145,4,4,3,1
1146,2,1,3,20
1147,4,3,3,20
1148,3,3,4,11
1149,3,1,3,5
1150,2,3,2,4
1151,4,4,4,5
1152,4,3,4,10
1153,2,2,3,11
1154,3,2,3,2
1155,4,2,2,12
1156,4,3,2,2
1157,1,3,3,17
1158,2,3,2,1
1159,4,2,3,15
1160,1,3,3,2
1161,1,3,3,8
1162,4,1,2,4
1163,4,4,3,5
1164,3,2,1,13
1165,4,3,3,2
1166,4,3,4,3
1167,2,3,3,10
1168,2,4,3,9
1169,3,2,3,6
1170,1,4,2,1
1171,2,2,3,2
1172,1,4,3,7
1173,2,3,3,18
1174,3,4,3,14
1175,3,4,3,16
1176,1,3,2,5
1177,1,4,2,9
1178,2,4,3,4
1179,3,1,3,2
1180,4,4,2,6
1181,4,1,2,1
1182,1,4,3,9
1183,4,2,3,4
1184,3,3,2,13
1185,1,4,4,2
1186,1,3,2,22
1187,4,3,1,10
1188,1,2,3,20
1189,4,3,3,8
1190,4,4,2,15
1191,3,2,3,5
1192,4,1,3,4
1193,3,4,3,9
1194,1,4,3,10
1195,2,3,3,6
1196,2,NA,2,6
1197,4,3,3,5
1198,3,3,NA,2
1199,3,3,4,10
1200,3,3,3,5
1201,3,4,3,4
1202,4,2,3,4
1203,4,1,1,5
1204,4,1,3,3
1205,2,4,2,20
1206,2,1,3,9
1207,4,3,3,4
1208,3,4,3,5
1209,4,1,3,7
1210,2,2,3,6
1211,4,2,2,9
1212,2,3,4,4
1213,2,4,1,6
1214,3,2,3,10
1215,4,3,3,0
1216,4,3,3,8
1217,1,2,3,2
1218,4,4,2,7
1219,3,1,2,1
1220,4,3,3,1
1221,4,3,3,9
1222,3,3,2,7
1223,1,2,3,5
1224,4,3,3,9
1225,NA,3,2,5
1226,2,4,3,2
1227,3,3,3,4
1228,2,1,3,10
1229,1,2,2,6
1230,4,4,2,1
1231,1,4,3,25
1232,4,4,3,3
1233,1,3,2,4
1234,3,1,3,5
1235,1,2,3,12
1236,3,4,3,0
1237,2,1,3,4
1238,3,3,2,14
1239,2,1,3,10
1240,3,2,3,9
1241,1,4,3,22
1242,2,1,2,2
1243,3,4,3,1
1244,4,4,4,4
1245,4,3,3,10
1246,4,4,4,1
1247,2,4,2,2
1248,4,3,2,5
1249,1,3,3,3
1250,4,4,3,2
1251,2,1,4,1
1252,3,1,3,5
1253,3,4,3,1
1254,4,1,3,1
1255,1,3,2,1
1256,4,3,3,9
1257,3,4,3,12
1258,2,3,3,22
1259,2,3,3,9
1260,2,2,3,1
1261,1,4,NA,9
1262,4,4,3,1
1263,1,3,3,1
1264,3,3,2,2
1265,2,1,2,4
1266,3,1,3,4
1267,3,4,2,2
1268,1,4,3,15
1269,2,1,2,9
1270,3,1,3,2
1271,4,4,2,7
1272,1,3,4,7
1273,1,4,3,9
1274,4,4,3,10
1275,2,3,2,27
1276,1,1,2,21
1277,3,3,3,17
1278,4,3,3,5
1279,2,2,3,6
1280,2,1,3,1
1281,2,1,2,3
1282,4,3,2,1
1283,1,3,2,4
1284,3,2,3,5
1285,3,2,3,1
1286,2,2,3,10
1287,2,4,3,1
1288,3,4,3,11
1289,3,1,3,15
1290,4,1,4,0
1291,1,3,4,5
1292,2,2,3,4
1293,4,4,2,10
1294,2,3,3,6
1295,1,4,3,1
1296,2,4,3,13
1297,1,2,3,5
1298,4,4,2,6
1299,3,1,3,0
1300,4,4,3,4
1301,3,4,3,11
1302,3,4,3,9
1303,3,2,2,22
1304,3,4,1,10
1305,3,2,2,11
1306,3,1,2,10
1307,2,3,3,11
1308,1,3,1,4
1309,1,3,2,3
1310,2,3,4,5
1311,4,3,2,37
1312,2,2,4,3
1313,3,1,3,3
1314,4,1,3,1
1315,4,4,3,1
1316,1,3,3,16
1317,3,4,4,1
1318,3,4,3,3
1319,1,2,2,8
1320,3,3,3,6
1321,4,4,3,2
1322,2,4,3,0
1323,1,1,2,13
1324,1,3,NA,9
1325,4,4,3,5
1326,2,3,3,5
1327,3,2,3,1
1328,3,4,3,5
1329,3,1,3,11
1330,2,4,3,9
1331,1,4,3,1
1332,3,4,4,25
1333,1,3,2,10
1334,3,2,4,7
1335,2,2,3,5
1336,1,3,3,20
1337,2,3,2,7
1338,3,2,2,5
1339,4,4,2,40
1340,4,3,2,0
1341,3,4,3,2
1342,3,1,2,15
1343,2,3,3,3
1344,3,4,3,2
1345,2,3,3,2
1346,3,3,3,9
1347,3,3,3,8
1348,2,2,3,3
1349,1,4,3,4
1350,4,3,4,15
1351,1,3,3,2
1352,3,4,1,11
1353,1,1,4,5
1354,3,4,2,6
1355,4,3,3,3
1356,1,3,2,5
1357,4,4,4,8
1358,4,1,3,3
1359,2,4,3,5
1360,4,1,2,7
1361,3,1,3,5
1362,2,2,3,1
1363,2,2,3,20
1364,3,2,3,10
1365,2,3,1,7
1366,2,2,1,17
1367,2,4,3,9
1368,4,3,3,10
1369,2,3,3,1
1370,2,2,2,1
1371,3,4,2,12
1372,3,3,3,4
1373,3,4,3,2
1374,4,2,1,2
1375,3,4,1,5
1376,3,4,1,5
1377,3,3,2,1
1378,3,2,3,5
1379,1,3,3,9
1380,2,4,3,10
1381,1,4,4,8
1382,3,3,3,5
1383,3,2,2,5
1384,3,1,4,0
1385,4,2,2,8
1386,3,1,3,12
1387,3,1,4,5
1388,3,1,3,2
1389,3,4,4,3
1390,2,4,2,1
1391,2,1,3,24
1392,3,4,3,2
1393,3,4,3,4
1394,4,2,3,3
1395,2,2,2,4
1396,3,3,2,3
1397,4,1,3,4
1398,4,2,3,8
1399,4,3,3,20
1400,3,2,3,24
1401,4,3,2,10
1402,4,2,3,7
1403,3,3,3,33
1404,4,2,2,7
1405,2,3,3,1
1406,4,4,4,5
1407,1,4,3,20
1408,2,1,NA,8
1409,2,2,3,6
1410,3,3,3,5
1411,4,3,3,1
1412,4,4,1,7
1413,3,1,3,2
1414,4,4,3,7
1415,4,3,4,5
1416,3,4,4,7
1417,2,1,3,1
1418,2,4,2,10
1419,4,2,2,4
1420,2,4,3,8
1421,4,4,1,3
1422,4,1,3,4
1423,4,4,2,14
1424,3,3,3,11
1425,4,3,3,7
1426,2,2,1,10
1427,4,1,3,5
1428,4,4,3,1
1429,3,1,2,6
1430,3,3,2,6
1431,4,4,3,19
1432,4,1,3,6
1433,4,2,4,13
1434,3,2,3,3
1435,2,4,3,10
1436,1,3,2,16
1437,3,3,3,5
1438,3,4,3,1
1439,1,4,3,9
1440,2,4,3,11
1441,3,3,4,10
1442,3,4,2,4
1443,3,4,2,2
1444,3,4,3,22
1445,2,3,2,2
1446,4,4,2,7
1447,3,4,1,5
1448,4,4,3,17
1449,1,1,4,9
1450,1,3,4,33
1451,3,2,3,4
1452,4,3,1,3
1453,3,3,3,3
1454,3,4,3,3
1455,3,1,2,1
1456,1,4,3,9
1457,3,4,3,24
1458,2,3,3,2
1459,3,4,2,2
1460,4,1,3,11
1461,3,1,2,3
1462,1,3,3,3
1463,1,3,3,1
1464,3,3,3,19
1465,3,4,3,6
1466,4,1,3,3
1467,4,4,3,3
1468,1,3,3,4
1469,4,NA,3,9
1470,1,3,3,21
1471,3,4,NA,1
1472,3,2,4,5
1473,2,2,1,5
1474,4,4,3,8
1475,4,1,3,6
1476,3,2,2,7
1477,NA,3,1,0
1478,1,2,3,0
1479,2,4,3,9
1480,2,1,3,6
1481,3,4,3,20
1482,4,4,3,15
1483,4,1,3,36
1484,1,2,2,10
1485,4,4,2,5
1486,3,4,4,5
1487,4,3,4,3
1488,1,4,3,5
1489,2,2,2,7
1490,1,1,3,8
1491,3,2,1,6
1492,1,2,2,10
1493,3,3,2,5
1494,2,3,3,20
1495,2,4,2,10
1496,2,4,3,10
1497,1,1,3,5
1498,4,4,3,17
1499,4,3,1,1
1500,4,4,3,2
1501,1,2,3,3
1502,4,4,3,5
1503,3,1,3,3
1504,3,2,3,8
1505,4,2,2,2
1506,4,4,3,8
1507,2,4,2,4
1508,3,2,4,20
1509,3,3,3,0
1510,3,2,2,11
1511,3,4,3,1
1512,4,2,3,4
1513,4,2,3,22
1514,4,3,3,0
1515,2,1,3,8
1516,2,4,2,8
1517,3,4,2,18
1518,2,2,3,9
1519,4,3,2,13
1520,1,2,3,10
1521,4,3,3,5
1522,3,4,3,5
1523,1,1,3,2
1524,1,1,3,24
1525,3,4,1,2
1526,4,2,3,10
1527,3,1,3,21
1528,3,4,3,8
1529,3,3,3,7
1530,3,2,2,8
1531,3,2,2,4
1532,3,2,3,13
1533,4,3,3,5
1534,4,4,NA,7
1535,1,4,2,7
1536,1,4,2,3
1537,4,4,3,10
1538,3,3,3,10
1539,3,4,3,21
1540,4,3,2,1
1541,2,4,2,7
1542,4,3,3,3
1543,3,3,4,9
1544,3,2,3,5
1545,4,3,2,4
1546,3,1,2,1
1547,4,4,3,10
1548,2,4,2,4
1549,2,1,2,7
1550,2,4,3,3
1551,4,3,3,10
1552,2,2,3,8
1553,4,4,2,6
1554,3,4,3,11
1555,3,4,2,11
1556,4,2,3,7
1557,3,2,3,16
1558,3,4,2,4
1559,4,2,3,5
1560,2,3,3,0
1561,1,4,3,1
1562,4,3,2,4
1563,3,3,3,3
1564,3,2,3,8
1565,1,3,1,0
1566,3,1,3,7
1567,4,3,4,2
1568,3,3,3,8
1569,1,4,3,1
1570,1,2,3,3
1571,4,4,3,1
1572,1,4,3,13
1573,4,3,3,3
1574,4,3,3,7
1575,1,4,2,3
1576,4,3,3,1
1577,3,1,3,5
1578,3,3,4,1
1579,1,2,3,8
1580,4,4,3,4
1581,3,3,3,6
1582,3,2,3,2
1583,3,2,3,1
1584,4,4,3,3
1585,3,2,3,1
1586,4,2,3,5
1587,2,4,3,7
1588,2,3,3,5
1589,3,4,2,7
1590,4,3,3,2
1591,1,4,2,5
1592,3,4,3,5
1593,4,3,4,5
1594,3,2,3,1
1595,3,1,3,6
1596,1,2,3,2
1597,2,3,NA,10
1598,3,4,3,1
1599,4,1,2,18
1600,4,2,3,5
1601,2,1,3,5
1602,3,2,2,1
1603,1,2,3,25
1604,2,3,3,1
1605,1,1,2,4
1606,3,3,3,3
1607,2,1,1,13
1608,4,4,3,3
1609,3,3,3,5
1610,2,4,3,5
1611,2,3,3,13
1612,4,1,3,4
1613,2,3,3,21
1614,3,1,2,7
1615,2,3,3,5
1616,2,1,3,10
1617,3,1,3,10
1618,1,1,3,2
1619,4,3,3,5
1620,1,4,2,2
1621,4,4,1,5
1622,1,3,3,5
1623,3,4,3,5
1624,1,1,1,29
1625,3,3,2,10
1626,4,4,4,6
1627,1,2,3,5
1628,4,3,2,2
1629,4,4,3,1
1630,3,3,3,20
1631,1,4,1,3
1632,3,4,1,5
1633,2,3,3,10
1634,3,2,4,2
1635,1,4,4,1
1636,3,1,3,9
1637,1,4,2,1
1638,2,3,3,27
1639,3,4,2,11
1640,3,1,4,18
1641,1,4,3,5
1642,1,3,1,3
1643,4,3,3,5
1644,3,3,3,1
1645,4,3,3,7
1646,3,4,3,3
1647,3,2,4,13
1648,2,3,4,7
1649,1,4,3,4
1650,4,2,3,3
1651,4,3,3,8
1652,1,3,3,1
1653,2,1,3,3
1654,2,3,3,2
1655,2,4,2,10
1656,3,3,3,2
1657,2,4,3,9
1658,1,2,3,10
1659,4,4,3,14
1660,2,3,NA,11
1661,2,3,3,20
1662,3,3,3,8
1663,2,4,4,6
1664,4,1,2,10
1665,4,2,4,8
1666,2,3,2,7
1667,4,4,4,3
1668,1,3,3,6
1669,3,4,2,5
1670,2,2,3,0
1671,3,1,3,1
1672,1,3,3,8
1673,1,3,3,0
1674,1,3,3,5
1675,4,4,3,10
1676,3,4,1,1
1677,2,4,4,6
1678,1,3,2,2
1679,2,NA,3,18
1680,1,2,3,9
1681,4,1,3,10
1682,4,3,3,4
1683,4,4,3,2
1684,3,3,3,1
1685,2,2,2,6
1686,4,3,3,31
1687,2,4,3,6
1688,1,2,4,5
1689,4,2,3,1
1690,1,2,3,32
1691,2,3,3,7
1692,1,3,3,6
1693,2,1,4,1
1694,2,4,3,6
1695,2,1,1,3
1696,1,4,3,3
1697,1,4,4,7
1698,1,3,2,5
1699,4,3,2,3
1700,4,2,4,1
1701,3,4,3,10
1702,2,4,2,1
1703,3,1,2,0
1704,4,3,3,8
1705,4,1,1,3
1706,1,3,4,2
1707,3,3,3,8
1708,3,1,3,4
1709,3,3,3,3
1710,4,4,4,2
1711,1,3,3,2
1712,3,3,3,5
1713,1,4,2,6
1714,3,3,3,1
1715,4,1,4,14
1716,2,4,2,10
1717,1,1,3,1
1718,3,4,3,3
1719,3,3,3,10
1720,2,3,2,6
1721,2,4,3,17
1722,3,4,1,13
1723,3,2,NA,9
1724,2,2,3,3
1725,1,4,3,4
1726,4,3,3,1
1727,1,1,3,10
1728,3,3,3,1
1729,1,1,4,3
1730,4,2,3,3
1731,4,4,3,7
1732,2,4,3,10
1733,2,2,3,2
1734,4,4,3,6
1735,4,4,3,1
1736,4,3,3,20
1737,4,2,4,8
1738,1,3,3,2
1739,4,3,3,20
1740,4,4,2,10
1741,2,3,3,4
1742,2,4,2,9
1743,3,1,3,9
1744,3,4,3,7
1745,4,1,3,7
1746,4,1,3,18
1747,3,3,3,5
1748,2,4,2,21
1749,1,1,3,2
1750,4,1,2,9
1751,4,3,3,22
1752,4,2,3,2
1753,1,2,3,7
1754,1,1,3,8
1755,3,3,4,1
1756,1,3,3,5
1757,4,3,2,22
1758,3,4,2,8
1759,3,3,3,1
1760,3,3,3,2
1761,4,4,3,2
1762,2,3,3,5
1763,2,1,4,4
1764,3,2,1,8
1765,3,4,2,10
1766,4,4,2,4
1767,4,1,1,7
1768,4,2,3,2
1769,4,4,3,2
1770,4,1,4,1
1771,1,4,3,10
1772,4,3,1,1
1773,2,1,3,0
1774,3,1,4,34
1775,4,4,2,10
1776,3,4,2,6
1777,2,3,3,8
1778,1,3,3,2
1779,2,3,3,5
1780,4,4,3,6
1781,4,1,3,5
1782,1,1,3,10
1783,4,4,3,4
1784,1,4,3,2
1785,2,3,2,8
1786,4,1,NA,4
1787,2,4,3,4
1788,4,1,3,5
1789,3,4,3,4
1790,4,1,2,5
1791,1,1,3,15
1792,3,1,3,6
1793,1,4,2,3
1794,4,3,3,2
1795,3,2,3,8
1796,3,1,3,3
1797,2,4,2,24
1798,3,1,3,0
1799,3,2,3,1
1800,4,3,3,5
1801,3,3,3,4
1802,2,1,3,1
1803,3,3,4,13
1804,1,1,3,3
1805,3,4,2,26
1806,3,2,3,9
1807,3,3,3,10
1808,4,2,3,31
1809,4,3,3,2
1810,4,4,3,4
1811,3,3,2,2
1812,3,2,3,5
1813,NA,3,3,14
1814,1,3,3,1
1815,3,4,2,0
1816,2,3,3,1
1817,2,2,2,9
1818,1,1,2,4
1819,3,4,3,5
1820,3,4,4,9
1821,3,4,2,9
1822,2,1,3,4
1823,3,4,3,9
1824,3,3,4,8
1825,2,2,3,8
1826,3,4,1,3
1827,3,3,3,8
1828,4,4,2,0
1829,1,3,2,20
1830,4,2,2,5
1831,1,1,2,4
1832,1,1,3,9
1833,3,1,2,6
1834,2,4,2,18
1835,2,4,2,5
1836,2,4,2,5
1837,1,4,3,5
1838,4,1,3,5
1839,3,3,2,5
1840,3,4,3,9
1841,4,3,3,1
1842,2,4,3,5
1843,4,4,1,2
1844,1,4,2,3
1845,2,4,3,2
1846,1,1,3,5
1847,3,1,3,5
1848,4,3,3,17
1849,4,2,NA,10
1850,4,4,3,3
1851,3,1,4,5
1852,3,1,3,4
1853,1,4,2,5
1854,2,2,3,10
1855,2,2,3,2
1856,3,4,2,5
1857,4,4,3,6
1858,2,3,3,3
1859,1,4,3,2
1860,4,2,3,13
1861,3,4,3,5
1862,4,4,3,12
1863,4,4,2,5
1864,3,4,3,7
1865,1,2,3,10
1866,1,1,3,31
1867,4,4,3,5
1868,4,2,4,4
1869,1,4,1,1
1870,1,4,3,4
1871,2,1,3,8
1872,1,4,3,4
1873,4,4,2,1
1874,1,2,4,1
1875,3,3,2,2
1876,4,4,2,1
1877,3,4,2,16
1878,4,4,2,3
1879,2,3,4,3
1880,2,4,2,7
1881,3,3,3,2
1882,4,1,1,2
1883,2,3,3,1
1884,2,2,3,1
1885,3,3,3,5
1886,3,1,3,3
1887,3,2,3,6
1888,2,3,4,7
1889,4,4,1,10
1890,1,2,2,26
1891,4,3,2,0
1892,4,3,2,9
1893,2,4,3,6
1894,4,1,3,15
1895,3,2,3,3
1896,3,2,3,1
1897,1,2,2,1
1898,3,1,3,7
1899,4,1,3,18
1900,3,3,3,11
1901,4,2,4,1
1902,1,1,3,1
1903,4,4,1,9
1904,4,2,3,1
1905,3,1,4,8
1906,3,4,3,16
1907,2,4,3,5
1908,1,3,1,14
1909,3,2,2,9
1910,3,NA,3,3
1911,3,3,3,5
1912,4,4,NA,9
1913,4,3,3,1
1914,3,3,4,17
1915,3,3,4,8
1916,3,4,3,5
1917,4,4,3,10
1918,1,3,3,8
1919,2,2,2,1
1920,3,3,4,19
1921,1,4,3,7
1922,3,1,3,3
1923,4,3,3,10
1924,4,1,3,0
1925,2,4,3,3
1926,4,4,3,5
1927,4,4,2,5
1928,3,2,3,6
1929,1,3,4,18
1930,3,2,3,2
1931,4,1,3,9
1932,4,4,3,9
1933,1,3,3,5
1934,4,3,3,12
1935,3,3,2,2
1936,4,3,3,8
1937,4,3,3,4
1938,3,2,1,4
1939,3,1,3,4
1940,2,4,3,0
1941,3,3,3,10
1942,3,3,2,16
1943,2,1,2,8
1944,4,1,3,1
1945,2,2,3,3
1946,4,4,3,8
1947,2,1,2,4
1948,1,3,3,2
1949,3,3,3,15
1950,4,3,3,2
1951,4,4,3,21
1952,1,4,3,3
1953,2,4,2,3
1954,4,3,NA,1
1955,1,4,3,1
1956,3,4,3,5
1957,1,2,1,1
1958,3,2,3,8
1959,2,3,3,21
1960,2,4,3,1
1961,2,1,3,2
1962,1,4,3,32
1963,4,4,3,12
1964,4,3,3,18
1965,3,1,3,17
1966,4,1,3,21
1967,2,4,2,2
1968,4,4,4,9
1969,4,3,3,8
1970,2,4,2,15
1971,2,4,1,6
1972,2,2,3,6
1973,3,2,3,15
1974,1,3,2,1
1975,1,1,3,3
1976,3,3,3,1
1977,4,2,3,1
1978,3,3,3,2
1979,2,3,2,8
1980,4,2,2,4
1981,3,1,2,7
1982,1,3,3,5
1983,4,4,3,2
1984,3,3,3,9
1985,1,3,3,5
1986,4,4,2,14
1987,3,1,4,9
1988,3,4,3,1
1989,4,4,3,2
1990,3,1,2,1
1991,4,1,3,16
1992,1,3,4,10
1993,2,1,2,10
1994,1,1,3,5
1995,3,1,2,6
1996,2,3,3,10
1997,3,3,2,19
1998,1,4,3,11
1999,1,3,3,3
2000,4,2,3,3
2001,3,3,4,8
2002,2,1,3,20
2003,4,4,3,3
2004,4,1,3,8
2005,1,3,3,13
2006,1,3,2,4
2007,1,4,2,6
2008,4,4,3,1
2009,4,4,4,7
2010,1,3,2,1
2011,1,2,3,2
2012,4,1,3,22
2013,1,2,3,1
2014,4,3,3,0
2015,4,2,3,3
2016,3,4,3,0
2017,1,4,NA,5
2018,2,3,3,15
2019,2,2,3,8
2020,3,3,3,8
2021,3,4,3,7
2022,4,2,2,9
2023,1,3,3,12
2024,4,2,3,1
2025,3,1,3,8
2026,1,4,3,18
2027,3,3,4,20
2028,4,2,4,2
2029,3,2,2,5
2030,1,4,3,11
2031,3,4,3,2
2032,1,2,1,5
2033,4,4,3,5
2034,4,2,3,9
2035,4,3,2,3
2036,4,2,2,7
2037,2,4,3,1
2038,2,4,2,10
2039,3,3,4,7
2040,3,3,3,3
2041,3,3,3,0
2042,1,1,3,5
2043,2,4,3,1
2044,3,3,2,2
2045,3,4,3,6
2046,4,3,3,4
2047,2,3,2,6
2048,3,3,1,5
2049,4,1,1,11
2050,2,3,2,18
2051,3,1,2,21
2052,2,1,4,6
2053,4,3,3,8
2054,4,2,3,4
2055,3,4,2,1
2056,1,4,3,8
2057,3,3,3,10
2058,3,4,1,1
2059,3,2,4,7
2060,4,1,3,13
2061,4,4,4,2
2062,1,3,2,4
2063,3,1,3,1
2064,4,1,3,5
2065,2,4,3,10
2066,3,1,3,1
2067,1,3,2,3
2068,4,4,2,14
2069,1,3,2,2
2070,3,3,3,6
2071,4,3,3,7
2072,2,4,2,5
2073,3,4,3,0
2074,3,1,3,26
2075,4,3,3,0
2076,2,3,3,5
2077,1,1,1,1
2078,3,1,3,4
2079,2,2,3,0
2080,4,1,NA,2
2081,4,1,3,6
2082,4,2,3,4
2083,3,1,3,7
2084,4,2,1,1
2085,2,3,2,10
2086,3,3,3,7
2087,3,3,2,10
2088,4,4,3,20
2089,3,4,3,2
2090,4,4,2,6
2091,4,1,4,4
2092,2,4,3,11
2093,3,2,3,2
2094,4,3,3,8
2095,3,1,3,7
2096,1,4,3,14
2097,2,2,4,5
2098,3,4,3,4
2099,4,2,3,11
2100,1,1,3,1
2101,3,4,2,13
2102,1,1,2,9
2103,4,3,1,5
2104,1,4,3,10
2105,1,2,4,1
2106,1,4,3,3
2107,4,4,3,10
2108,3,1,2,6
2109,3,1,3,10
2110,3,4,3,6
2111,3,4,3,8
2112,1,3,4,1
2113,3,2,2,11
2114,4,2,2,1
2115,1,3,3,5
2116,3,4,3,6
2117,4,4,4,1
2118,4,4,2,7
2119,3,3,2,1
2120,2,2,3,22
2121,4,3,3,9
2122,2,4,3,1
2123,4,3,3,1
2124,3,4,3,1
2125,3,4,2,8
2126,1,2,3,24
2127,4,2,3,33
2128,1,3,1,2
2129,4,2,3,11
2130,3,1,3,3
2131,4,2,2,29
2132,4,4,2,9
2133,3,2,4,11
2134,4,3,2,4
2135,3,1,2,25
2136,3,2,4,10
2137,3,3,3,3
2138,2,2,3,1
2139,4,4,4,21
2140,3,2,3,16
2141,1,4,3,10
2142,4,4,3,2
2143,2,3,NA,7
2144,3,3,3,8
2145,2,3,3,7
2146,4,1,2,3
2147,4,2,2,2
2148,3,4,4,10
2149,NA,2,3,0
2150,3,2,3,19
2151,1,3,3,2
2152,4,3,3,10
2153,3,1,3,5
2154,1,4,3,9
2155,4,3,3,7
2156,4,1,4,7
2157,3,4,3,9
2158,4,1,3,3
2159,4,2,3,5
2160,2,2,2,8
2161,2,1,3,9
2162,1,3,3,8
2163,4,3,2,10
2164,3,2,3,19
2165,4,2,4,3
2166,1,1,4,3
2167,3,3,2,20
2168,4,3,3,19
2169,4,2,3,7
2170,3,3,3,4
2171,4,4,2,9
2172,3,4,3,9
2173,3,1,3,9
2174,3,3,3,9
2175,3,2,3,33
2176,2,1,3,7
2177,3,1,4,10
2178,4,4,2,3
2179,3,1,2,10
2180,2,2,3,4
2181,1,1,2,15
2182,4,4,3,10
2183,3,NA,3,1
2184,4,2,2,5
2185,4,4,4,0
2186,4,4,3,9
2187,4,4,3,6
2188,1,3,2,19
2189,4,2,3,19
2190,1,3,3,5
2191,2,3,3,12
2192,2,3,3,8
2193,3,4,4,1
2194,4,3,2,4
2195,4,3,3,4
2196,3,4,4,14
2197,3,1,3,5
2198,4,3,2,10
2199,1,4,4,5
2200,2,2,3,4
2201,4,4,2,6
2202,3,3,3,6
2203,2,4,4,5
2204,3,2,2,3
2205,3,3,3,6
2206,1,3,2,3
2207,4,3,2,5
2208,1,3,1,20
2209,4,4,3,6
2210,4,3,3,8
2211,1,4,3,4
2212,3,1,3,20
2213,3,1,1,5
2214,1,3,3,3
2215,3,4,3,2
2216,1,4,2,3
2217,3,1,3,7
2218,2,1,2,10
2219,1,1,3,4
2220,3,4,3,8
2221,4,4,2,20
2222,4,1,3,9
2223,2,4,4,7
2224,1,2,3,5
2225,2,3,3,1
2226,4,1,3,3
2227,1,2,NA,3
2228,4,1,3,4
2229,1,2,4,1
2230,2,1,4,5
2231,1,4,2,10
2232,3,1,2,3
2233,1,4,2,6
2234,1,1,3,3
2235,3,3,1,6
2236,1,1,4,3
2237,1,3,4,20
2238,4,3,3,5
2239,4,4,2,4
2240,4,2,2,5
2241,2,3,2,4
2242,3,3,4,8
2243,1,4,3,13
2244,1,4,4,7
2245,1,1,4,1
2246,3,2,3,10
2247,2,1,3,7
2248,4,2,3,3
2249,2,4,1,2
2250,2,4,4,3
2251,3,1,3,2
2252,1,3,3,2
2253,4,2,3,9
2254,4,1,3,5
2255,3,3,3,5
2256,4,2,2,9
2257,1,3,2,3
2258,3,3,4,3
2259,4,2,2,5
2260,4,1,3,4
2261,4,1,3,13
2262,4,3,2,2
2263,1,4,3,12
2264,1,3,2,1
2265,3,3,2,1
2266,2,3,2,12
2267,3,2,3,8
2268,2,1,2,14
2269,1,3,4,3
2270,1,2,1,5
2271,1,2,4,15
2272,4,3,3,1
2273,2,1,2,0
2274,4,2,3,1
2275,2,3,2,2
2276,3,3,3,10
2277,3,3,4,5
2278,4,3,3,3
2279,1,2,3,5
2280,3,3,2,5
2281,3,1,2,0
2282,1,3,1,1
2283,3,1,3,4
2284,3,1,3,3
2285,4,2,3,3
2286,3,2,2,8
2287,4,3,3,0
2288,3,4,4,5
2289,2,4,3,14
2290,1,1,1,9
2291,4,1,4,20
2292,2,2,3,2
2293,3,2,4,13
2294,4,2,1,11
2295,1,3,3,4
2296,4,1,1,5
2297,4,3,3,10
2298,4,3,1,7
2299,3,4,3,32
2300,2,3,3,11
2301,3,2,3,1
2302,1,4,3,10
2303,3,1,3,7
2304,4,2,3,5
2305,4,4,3,5
2306,4,4,1,20
2307,1,1,4,8
2308,2,3,3,15
2309,3,4,3,21
2310,3,1,3,1
2311,4,4,NA,2
2312,1,2,3,10
2313,2,3,3,5
2314,4,2,3,7
2315,3,4,2,3
2316,3,3,3,8
2317,3,3,2,1
2318,1,1,1,2
2319,2,1,3,10
2320,3,3,3,6
2321,4,1,3,3
2322,3,2,3,4
2323,1,1,3,1
2324,3,4,3,33
2325,3,2,3,5
2326,4,1,2,6
2327,3,1,2,8
2328,1,4,1,1
2329,3,4,3,36
2330,2,4,2,2
2331,1,4,3,1
2332,3,2,3,9
2333,2,2,4,3
2334,2,3,3,1
2335,2,1,3,10
2336,1,3,3,5
2337,4,3,3,7
2338,1,4,4,6
2339,3,3,3,1
2340,4,3,3,2
2341,1,1,3,3
2342,4,4,3,1
2343,2,3,2,10
2344,4,3,2,8
2345,4,1,3,5
2346,4,2,3,6
2347,3,4,2,1
2348,4,1,1,26
2349,3,2,3,1
2350,2,3,2,4
2351,2,3,3,30
2352,2,4,3,3
2353,2,4,2,22
2354,2,2,2,6
2355,3,1,3,10
2356,1,1,3,10
2357,4,1,3,5
2358,3,3,3,3
2359,3,4,3,9
2360,3,1,2,9
2361,2,1,3,7
2362,4,1,3,7
2363,2,1,3,16
2364,2,1,2,5
2365,3,4,3,2
2366,2,4,4,0
2367,4,3,3,5
2368,3,3,3,10
2369,1,3,3,18
2370,3,3,3,14
2371,3,3,2,4
2372,1,3,1,9
2373,4,4,3,10
2374,4,3,4,5
2375,4,1,3,13
2376,2,2,1,8
2377,3,4,2,4
2378,1,4,3,10
2379,3,4,3,2
2380,NA,4,2,2
2381,1,4,3,6
2382,2,3,3,3
2383,4,4,2,4
2384,1,1,1,4
2385,3,3,3,5
2386,2,1,3,3
2387,4,3,3,7
2388,4,2,3,5
2389,1,2,3,4
2390,4,1,3,14
2391,3,3,3,2
2392,4,2,3,11
2393,1,2,3,4
2394,3,3,3,15
2395,4,3,NA,3
2396,4,1,3,5
2397,2,3,3,10
2398,3,3,3,14
2399,4,4,4,11
2400,4,4,4,13
2401,1,2,2,10
2402,4,4,3,6
2403,4,2,2,9
2404,1,4,3,10
2405,4,1,2,2
2406,4,2,3,4
2407,2,2,3,3
2408,3,3,3,8
2409,4,3,3,2
2410,4,1,3,2
2411,3,4,3,6
2412,1,3,2,3
2413,3,4,3,2
2414,4,3,3,5
2415,4,3,2,0
2416,2,4,3,4
2417,4,3,3,9
2418,4,2,3,1
2419,4,4,3,7
2420,1,2,3,4
2421,2,4,4,15
2422,3,4,4,1
2423,2,2,3,14
2424,3,4,2,6
2425,2,4,3,10
2426,3,4,3,3
2427,3,4,3,8
2428,1,4,4,5
2429,4,4,3,10
2430,3,3,3,5
2431,4,3,3,10
2432,4,3,3,5
2433,3,4,2,13
2434,3,3,2,23
2435,4,3,3,1
2436,3,3,1,23
2437,4,3,4,3
2438,4,2,3,21
2439,1,3,2,5
2440,2,3,4,5
2441,3,2,3,3
2442,2,1,3,1
2443,2,1,4,6
2444,3,2,3,10
2445,4,3,3,7
2446,2,4,2,10
2447,3,2,1,1
2448,3,4,2,10
2449,2,1,3,2
2450,1,2,3,0
2451,3,2,1,3
2452,4,4,2,5
2453,4,4,3,9
2454,4,3,1,4
2455,2,2,2,21
2456,3,3,4,5
2457,4,1,3,9
2458,1,4,3,2
2459,3,4,2,4
2460,1,3,3,5
2461,3,4,2,6
2462,2,2,3,2
2463,4,3,4,3
2464,3,1,3,7
2465,4,4,3,5
2466,4,2,2,11
2467,4,4,4,5
2468,1,1,2,0
2469,3,2,2,6
2470,1,3,3,1
2471,4,1,3,1
2472,3,3,3,7
2473,2,2,3,7
2474,2,4,3,1
2475,3,3,3,1
2476,2,2,2,5
2477,3,NA,3,1
2478,4,2,2,9
2479,3,1,NA,5
2480,4,3,3,15
2481,1,3,2,3
2482,2,4,3,9
2483,4,4,3,2
2484,2,2,3,1
2485,4,3,3,5
2486,3,1,3,1
2487,1,4,3,12
2488,1,3,3,2
2489,2,2,3,5
2490,3,4,3,2
2491,4,1,3,12
2492,3,2,2,5
2493,3,2,2,10
2494,3,4,3,10
2495,4,1,3,10
2496,3,4,4,5
2497,3,3,3,4
2498,2,2,3,2
2499,3,1,2,4
2500,2,1,2,0
2501,2,4,3,7
2502,1,2,3,11
2503,4,1,2,7
2504,4,1,1,10
2505,3,4,3,2
2506,1,3,2,3
2507,2,2,1,3
2508,3,3,4,22
2509,1,3,3,7
2510,4,2,3,5
2511,4,2,4,9
2512,3,4,3,5
2513,2,3,3,10
2514,2,2,2,16
2515,2,3,4,5
2516,3,2,3,22
2517,2,1,3,7
2518,4,4,2,7
2519,1,1,3,3
2520,3,1,3,3
2521,2,4,2,4
2522,3,4,3,5
2523,1,3,3,2
2524,2,3,1,0
2525,4,1,3,1
2526,1,1,3,2
2527,3,3,4,8
2528,4,2,3,1
2529,1,4,3,7
2530,4,4,2,5
2531,4,4,4,11
2532,4,4,4,0
2533,3,3,2,6
2534,2,3,3,2
2535,4,4,2,9
2536,3,4,3,3
2537,4,3,3,7
2538,4,3,3,0
2539,3,2,2,2
2540,1,1,3,19
2541,2,3,3,9
2542,4,2,3,1
2543,1,3,3,16
2544,4,2,3,22
2545,4,4,2,1
2546,3,2,3,8
2547,4,1,2,7
2548,4,4,3,2
2549,2,4,4,5
2550,2,2,3,1
2551,2,4,2,1
2552,4,2,3,1
2553,2,3,3,10
2554,2,3,3,10
2555,3,4,3,5
2556,4,1,3,3
2557,4,1,3,5
2558,4,2,3,3
2559,2,4,2,9
2560,2,4,2,10
2561,1,1,3,19
2562,2,3,2,1
2563,1,3,2,8
2564,4,4,3,22
2565,2,1,3,2
2566,4,1,3,5
2567,1,4,3,4
2568,3,2,1,4
2569,NA,2,3,5
2570,3,1,4,13
2571,3,4,3,5
2572,4,4,2,4
2573,1,3,2,2
2574,3,4,3,7
2575,2,3,3,4
2576,2,3,2,10
2577,3,4,3,7
2578,3,1,3,1
2579,1,3,3,3
2580,2,2,2,5
2581,3,4,3,15
2582,4,3,3,2
2583,3,2,4,8
2584,4,1,NA,0
2585,1,1,3,10
2586,4,2,3,20
2587,4,4,2,1
2588,1,3,3,4
2589,2,4,4,5
2590,2,4,3,5
2591,2,4,3,0
2592,1,2,3,1
2593,2,1,1,5
2594,3,3,2,5
2595,3,1,4,4
2596,1,2,3,5
2597,1,4,2,14
2598,4,3,2,8
2599,3,1,2,7
2600,1,1,2,5
2601,3,4,3,5
2602,4,1,3,10
2603,3,4,2,4
2604,1,1,2,1
2605,3,4,3,10
2606,4,4,3,7
2607,4,4,3,1
2608,1,4,3,10
2609,1,1,2,2
2610,1,3,2,4
2611,4,3,3,9
2612,1,3,3,10
2613,4,2,3,6
2614,3,2,3,10
2615,4,4,3,1
2616,2,1,3,20
2617,4,3,3,20
2618,3,3,4,11
2619,3,1,3,5
2620,2,3,2,4
2621,4,4,4,5
2622,4,3,4,10
2623,2,2,3,11
2624,3,2,3,2
2625,4,2,2,12
2626,4,3,2,2
2627,1,3,3,17
2628,2,3,2,1
2629,4,2,3,15
2630,1,3,3,2
2631,1,3,3,8
2632,4,1,2,4
2633,4,4,3,5
2634,3,2,1,13
2635,4,3,3,2
2636,4,3,4,3
2637,2,3,3,10
2638,2,4,3,9
2639,3,2,3,6
2640,1,4,2,1
2641,2,2,3,2
2642,1,4,3,7
2643,2,3,3,18
2644,3,4,3,14
2645,3,4,3,16
2646,1,3,2,5
2647,1,4,2,9
2648,2,4,3,4
2649,3,1,3,2
2650,4,4,2,6
2651,4,1,2,1
2652,1,4,3,9
2653,4,2,3,4
2654,3,3,2,13
2655,1,4,4,2
2656,1,3,2,22
2657,4,3,1,10
2658,1,2,3,20
2659,4,3,3,8
2660,4,4,2,15
2661,3,2,3,5
2662,4,1,3,4
2663,3,4,3,9
2664,1,4,3,10
2665,2,3,3,6
2666,2,4,2,6
2667,4,3,3,5
2668,3,3,3,2
2669,3,3,4,10
2670,3,3,3,5
2671,3,4,3,4
2672,4,2,3,4
2673,4,1,1,5
2674,4,1,3,3
2675,2,4,2,20
2676,2,1,3,9
2677,4,3,3,4
2678,3,4,3,5
2679,4,1,3,7
2680,2,2,3,6
2681,4,2,2,9
2682,2,3,4,4
2683,2,4,1,6
2684,3,2,3,10
2685,4,3,3,0
2686,4,3,3,8
2687,1,2,3,2
2688,4,4,2,7
2689,3,1,2,1
2690,4,3,3,1
2691,4,3,3,9
2692,3,3,2,7
2693,1,2,3,5
2694,4,3,3,9
2695,1,3,2,5
2696,2,4,3,2
2697,3,3,3,4
2698,2,1,3,10
2699,1,2,2,6
2700,4,4,2,1
2701,1,4,3,25
2702,4,4,3,3
2703,1,3,2,4
2704,3,1,3,5
2705,1,2,3,12
2706,3,4,3,0
2707,2,1,3,4
2708,3,NA,2,14
2709,2,1,3,10
2710,3,2,NA,9
2711,1,4,3,22
2712,2,1,2,2
2713,3,4,3,1
2714,4,4,4,4
2715,4,3,3,10
2716,4,4,4,1
2717,2,4,2,2
2718,4,3,2,5
2719,1,3,3,3
2720,4,4,3,2
2721,2,1,4,1
2722,3,1,3,5
2723,3,4,3,1
2724,4,1,3,1
2725,1,3,2,1
2726,4,3,3,9
2727,3,4,3,12
2728,2,3,3,22
2729,2,3,3,9
2730,2,2,3,1
2731,1,4,3,9
2732,4,4,3,1
2733,1,3,3,1
2734,3,3,2,2
2735,2,1,2,4
2736,3,1,3,4
2737,NA,4,2,2
2738,1,4,3,15
2739,2,1,2,9
2740,3,1,3,2
2741,4,4,2,7
2742,1,3,4,7
2743,1,4,3,9
2744,4,4,3,10
2745,2,3,2,27
2746,1,1,2,21
2747,3,3,3,17
2748,4,3,3,5
2749,2,2,3,6
2750,2,1,3,1
2751,2,1,2,3
2752,4,3,2,1
2753,1,3,2,4
2754,3,2,3,5
2755,3,2,3,1
2756,2,2,3,10
2757,2,4,3,1
2758,3,4,3,11
2759,3,1,3,15
2760,4,1,4,0
2761,1,3,4,5
2762,2,2,3,4
2763,4,4,2,10
2764,2,3,3,6
2765,1,4,3,1
2766,2,4,3,13
2767,1,2,3,5
2768,4,4,2,6
2769,3,1,3,0
2770,4,4,3,4
2771,3,4,3,11
2772,3,4,3,9
2773,3,2,2,22
2774,3,4,1,10
2775,3,2,2,11
2776,3,1,2,10
2777,2,3,3,11
2778,1,3,1,4
2779,1,3,2,3
2780,2,3,4,5
2781,4,3,2,37
2782,2,2,4,3
2783,3,1,3,3
2784,4,1,3,1
2785,4,4,3,1
2786,1,3,3,16
2787,3,4,4,1
2788,3,4,3,3
2789,1,2,2,8
2790,3,3,3,6
2791,4,4,3,2
2792,2,4,3,0
2793,1,1,2,13
2794,1,3,3,9
2795,4,4,3,5
2796,2,3,3,5
2797,3,2,3,1
2798,3,4,3,5
2799,3,1,3,11
2800,2,4,3,9
2801,1,4,3,1
2802,3,4,4,25
2803,1,3,2,10
2804,3,2,4,7
2805,2,2,3,5
2806,1,3,3,20
2807,2,3,2,7
2808,3,2,2,5
2809,4,4,2,40
2810,4,3,2,0
2811,3,4,3,2
2812,3,1,2,15
2813,2,3,3,3
2814,3,4,3,2
2815,2,3,3,2
2816,3,3,3,9
2817,3,3,3,8
2818,2,2,3,3
2819,1,4,3,4
2820,4,3,4,15
2821,1,3,3,2
2822,3,4,1,11
2823,1,1,4,5
2824,3,4,2,6
2825,4,3,3,3
2826,1,3,2,5
2827,4,4,4,8
2828,4,1,3,3
2829,2,4,3,5
2830,4,1,2,7
2831,3,1,3,5
2832,2,2,3,1
2833,2,2,3,20
2834,3,2,3,10
2835,2,3,1,7
2836,2,2,1,17
2837,2,4,3,9
2838,4,3,3,10
2839,2,3,3,1
2840,2,2,2,1
2841,3,4,2,12
2842,3,3,3,4
2843,3,4,3,2
2844,4,2,1,2
2845,3,4,1,5
2846,3,4,1,5
2847,3,3,2,1
2848,3,2,3,5
2849,1,3,3,9
2850,2,4,3,10
2851,1,4,4,8
2852,3,3,3,5
2853,3,2,2,5
2854,3,1,4,0
2855,4,2,2,8
2856,3,1,3,12
2857,3,1,4,5
2858,3,1,3,2
2859,3,4,4,3
2860,2,4,2,1
2861,2,1,3,24
2862,3,4,3,2
2863,3,4,3,4
2864,4,2,3,3
2865,2,2,2,4
2866,3,3,2,3
2867,4,1,3,4
2868,4,2,3,8
2869,4,3,3,20
2870,3,2,3,24
2871,4,3,2,10
2872,4,2,3,7
2873,3,3,3,33
2874,4,2,2,7
2875,2,3,3,1
2876,4,NA,4,5
2877,1,4,3,20
2878,2,1,2,8
2879,2,2,3,6
2880,3,3,3,5
2881,4,3,3,1
2882,4,4,1,7
2883,3,1,3,2
2884,4,4,3,7
2885,4,3,4,5
2886,3,4,4,7
2887,2,1,3,1
2888,2,4,2,10
2889,4,2,2,4
2890,2,4,3,8
2891,4,4,1,3
2892,4,1,3,4
2893,4,4,2,14
2894,3,3,3,11
2895,4,3,3,7
2896,2,2,1,10
2897,4,1,3,5
2898,4,4,3,1
2899,3,1,NA,6
2900,3,3,2,6
2901,4,4,3,19
2902,4,1,3,6
2903,4,2,4,13
2904,3,2,3,3
2905,2,4,3,10
2906,1,3,2,16
2907,3,3,3,5
2908,3,4,3,1
2909,1,4,3,9
2910,2,4,3,11
2911,3,3,4,10
2912,3,4,2,4
2913,3,4,2,2
2914,3,4,3,22
2915,2,3,2,2
2916,4,4,2,7
2917,3,4,1,5
2918,4,4,3,17
2919,1,1,4,9
2920,1,3,4,33
2921,3,2,3,4
2922,4,3,1,3
2923,3,3,3,3
2924,3,4,3,3
2925,3,1,2,1
2926,NA,4,3,9
2927,3,4,3,24
2928,2,3,3,2
2929,3,4,2,2
2930,4,1,3,11
2931,3,1,2,3
2932,1,3,3,3
2933,1,3,3,1
2934,3,3,3,19
2935,3,4,3,6
2936,4,1,3,3
2937,4,4,3,3
2938,1,3,3,4
2939,4,1,3,9
2940,1,3,3,21
2941,3,4,2,1
2942,3,2,4,5
2943,2,2,1,5
2944,4,4,3,8
2945,4,1,3,6
2946,3,2,2,7
2947,1,3,1,0
2948,1,2,3,0
2949,2,4,3,9
2950,2,1,3,6
2951,3,4,3,20
2952,4,4,3,15
2953,4,1,3,36
2954,1,2,2,10
2955,4,4,2,5
2956,3,4,4,5
2957,4,3,4,3
2958,1,4,3,5
2959,2,2,2,7
2960,1,1,3,8
2961,3,2,1,6
2962,1,2,2,10
2963,3,3,2,5
2964,2,3,3,20
2965,2,4,2,10
2966,2,4,3,10
2967,1,1,3,5
2968,4,4,3,17
2969,4,3,1,1
2970,4,4,3,2
2971,1,2,3,3
2972,4,4,3,5
2973,3,1,3,3
2974,3,2,3,8
2975,4,2,2,2
2976,4,4,3,8
2977,2,4,2,4
2978,3,2,4,20
2979,3,3,3,0
2980,3,2,2,11
2981,3,4,3,1
2982,4,2,3,4
2983,4,2,3,22
2984,4,3,3,0
2985,2,1,3,8
2986,2,4,2,8
2987,3,4,2,18
2988,2,2,3,9
2989,4,3,2,13
2990,1,2,3,10
2991,4,3,3,5
2992,3,4,3,5
2993,1,1,3,2
2994,1,1,3,24
2995,3,4,1,2
2996,4,2,3,10
2997,3,1,3,21
2998,3,4,3,8
2999,3,3,3,7
3000,3,2,2,8
3001,3,2,2,4
3002,3,2,3,13
3003,4,3,3,5
3004,4,4,3,7
3005,1,4,2,7
3006,1,4,2,3
3007,4,4,3,10
3008,3,3,3,10
3009,3,4,3,21
3010,4,3,2,1
3011,2,4,2,7
3012,4,3,3,3
3013,3,3,4,9
3014,3,2,3,5
3015,4,3,2,4
3016,3,1,2,1
3017,4,4,3,10
3018,2,4,2,4
3019,2,1,2,7
3020,2,4,3,3
3021,4,3,3,10
3022,2,2,3,8
3023,4,4,2,6
3024,3,4,3,11
3025,3,4,NA,11
3026,4,2,3,7
3027,3,2,3,16
3028,3,4,2,4
3029,4,2,3,5
3030,2,3,3,0
3031,1,4,3,1
3032,4,3,2,4
3033,3,3,3,3
3034,3,2,3,8
3035,1,3,1,0
3036,3,1,3,7
3037,4,3,4,2
3038,3,3,3,8
3039,1,4,3,1
3040,1,2,3,3
3041,4,4,3,1
3042,1,4,3,13
3043,4,3,3,3
3044,4,3,3,7
3045,1,4,2,3
3046,4,3,3,1
3047,3,1,3,5
3048,3,3,4,1
3049,1,2,3,8
3050,4,4,3,4
3051,3,3,3,6
3052,3,2,3,2
3053,3,2,3,1
3054,4,4,3,3
3055,3,2,3,1
3056,4,2,3,5
3057,2,4,3,7
3058,2,3,3,5
3059,3,4,2,7
3060,4,3,3,2
3061,1,4,2,5
3062,3,4,3,5
3063,4,3,4,5
3064,3,2,3,1
3065,3,1,3,6
3066,1,2,3,2
3067,2,3,3,10
3068,3,4,3,1
3069,4,1,2,18
3070,4,2,3,5
3071,2,1,3,5
3072,3,2,2,1
3073,1,2,3,25
3074,2,3,3,1
3075,1,1,2,4
3076,3,3,3,3
3077,2,1,1,13
3078,4,4,3,3
3079,3,3,3,5
3080,2,4,3,5
3081,2,3,3,13
3082,4,1,3,4
3083,2,3,3,21
3084,3,1,2,7
3085,2,3,3,5
3086,2,NA,3,10
3087,3,1,3,10
3088,1,1,3,2
3089,4,3,3,5
3090,1,4,2,2
3091,4,4,1,5
3092,1,3,3,5
3093,3,4,3,5
3094,1,1,1,29
3095,3,3,2,10
3096,4,4,4,6
3097,1,2,3,5
3098,4,3,2,2
3099,4,4,3,1
3100,3,3,3,20
3101,1,4,1,3
3102,3,4,1,5
3103,2,3,3,10
3104,3,2,4,2
3105,1,4,4,1
3106,3,1,3,9
3107,1,4,2,1
3108,2,3,3,27
3109,3,4,2,11
3110,3,1,4,18
3111,1,4,3,5
3112,1,3,1,3
3113,4,3,3,5
3114,3,3,3,1
3115,NA,3,3,7
3116,3,4,3,3
3117,3,2,4,13
3118,2,3,4,7
3119,1,4,3,4
3120,4,2,3,3
3121,4,3,3,8
3122,1,3,3,1
3123,2,1,3,3
3124,2,3,3,2
3125,2,4,2,10
3126,3,3,3,2
3127,2,4,3,9
3128,1,2,3,10
3129,4,4,3,14
3130,2,3,3,11
3131,2,3,3,20
3132,3,3,3,8
3133,2,4,4,6
3134,4,1,2,10
3135,4,2,4,8
3136,2,3,2,7
3137,4,4,4,3
3138,1,3,3,6
3139,3,4,2,5
3140,2,2,3,0
3141,3,1,3,1
3142,1,3,3,8
3143,1,3,3,0
3144,1,3,3,5
3145,4,4,3,10
3146,3,4,1,1
3147,2,4,4,6
3148,1,3,2,2
3149,2,1,3,18
3150,1,2,3,9
3151,4,1,3,10
3152,4,3,3,4
3153,4,4,3,2
3154,3,3,3,1
3155,2,2,2,6
3156,4,3,3,31
3157,2,4,3,6
3158,1,2,4,5
3159,4,2,3,1
3160,1,2,3,32
3161,2,3,3,7
3162,1,3,3,6
3163,2,1,4,1
3164,2,4,3,6
3165,2,1,1,3
3166,1,4,3,3
3167,1,4,4,7
3168,1,3,2,5
3169,4,3,2,3
3170,4,2,4,1
3171,3,4,3,10
3172,2,4,2,1
3173,3,1,2,0
3174,4,3,3,8
3175,4,1,1,3
3176,1,3,4,2
3177,3,3,3,8
3178,3,1,3,4
3179,3,3,3,3
3180,4,4,4,2
3181,1,3,3,2
3182,3,3,3,5
3183,1,4,2,6
3184,3,3,3,1
3185,4,1,4,14
3186,2,4,2,10
3187,1,1,3,1
3188,3,4,3,3
3189,3,3,3,10
3190,2,3,2,6
3191,2,4,3,17
3192,3,4,1,13
3193,3,2,4,9
3194,2,2,3,3
3195,1,4,3,4
3196,4,3,3,1
3197,1,1,3,10
3198,3,3,3,1
3199,1,1,4,3
3200,4,2,3,3
3201,4,4,3,7
3202,2,4,3,10
3203,2,2,3,2
3204,4,4,3,6
3205,4,4,3,1
3206,4,3,3,20
3207,4,2,4,8
3208,1,3,3,2
3209,4,3,3,20
3210,4,4,2,10
3211,2,3,3,4
3212,2,4,2,9
3213,3,1,3,9
3214,3,4,3,7
3215,4,1,3,7
3216,4,1,3,18
3217,3,3,3,5
3218,2,4,2,21
3219,1,1,3,2
3220,4,1,2,9
3221,4,3,3,22
3222,4,2,3,2
3223,1,2,3,7
3224,1,1,3,8
3225,3,3,4,1
3226,1,3,3,5
3227,4,3,2,22
3228,3,4,2,8
3229,3,3,3,1
3230,3,3,3,2
3231,4,4,3,2
3232,2,3,3,5
3233,2,1,4,4
3234,3,2,1,8
3235,3,4,2,10
3236,4,4,2,4
3237,4,1,1,7
3238,4,2,3,2
3239,4,4,3,2
3240,4,1,4,1
3241,1,4,3,10
3242,4,3,1,1
3243,2,1,3,0
3244,3,1,4,34
3245,4,4,2,10
3246,3,4,2,6
3247,2,3,3,8
3248,1,3,3,2
3249,2,3,3,5
3250,4,4,3,6
3251,4,1,3,5
3252,1,1,3,10
3253,4,4,3,4
3254,1,4,3,2
3255,2,3,2,8
3256,4,1,2,4
3257,2,4,3,4
3258,4,1,3,5
3259,3,4,3,4
3260,4,1,2,5
3261,1,1,3,15
3262,NA,1,3,6
3263,1,4,2,3
3264,4,3,3,2
3265,3,2,3,8
3266,3,1,3,3
3267,2,4,2,24
3268,3,1,3,0
3269,3,2,3,1
3270,4,3,3,5
3271,3,3,3,4
3272,2,1,3,1
3273,3,3,4,13
3274,1,1,3,3
3275,3,4,2,26
3276,3,2,3,9
3277,3,3,3,10
3278,4,2,3,31
3279,4,3,3,2
3280,4,4,3,4
3281,3,3,2,2
3282,3,2,3,5
3283,3,3,3,14
3284,1,3,3,1
3285,3,4,2,0
3286,2,3,3,1
3287,2,2,2,9
3288,1,1,2,4
3289,3,4,3,5
3290,3,4,4,9
3291,3,4,2,9
3292,2,1,3,4
3293,3,4,3,9
3294,3,3,4,8
3295,2,2,3,8
3296,3,NA,1,3
3297,3,3,3,8
3298,4,4,2,0
3299,1,3,2,20
3300,4,2,2,5
3301,1,1,2,4
3302,1,1,3,9
3303,3,1,2,6
3304,2,4,2,18
3305,2,4,2,5
3306,2,4,2,5
3307,1,4,3,5
3308,4,1,3,5
3309,3,3,2,5
3310,3,4,3,9
3311,4,3,3,1
3312,2,4,3,5
3313,4,4,1,2
3314,1,4,2,3
3315,2,4,3,2
3316,1,1,3,5
3317,3,1,3,5
3318,4,3,3,17
3319,4,2,2,10
3320,4,4,3,3
3321,3,1,4,5
3322,3,1,3,4
3323,1,4,2,5
3324,2,2,3,10
3325,2,2,3,2
3326,3,4,2,5
3327,4,4,3,6
3328,2,3,3,3
3329,1,4,3,2
3330,4,2,3,13
3331,3,4,3,5
3332,4,4,3,12
3333,4,4,2,5
3334,3,4,3,7
3335,1,2,3,10
3336,1,1,3,31
3337,4,4,3,5
3338,4,2,4,4
3339,1,4,1,1
3340,1,4,NA,4
3341,2,1,3,8
3342,1,4,3,4
3343,4,4,2,1
3344,1,2,4,1
3345,3,3,2,2
3346,4,4,2,1
3347,3,4,2,16
3348,4,4,2,3
3349,2,3,4,3
3350,2,4,2,7
3351,3,3,3,2
3352,4,1,1,2
3353,2,3,3,1
3354,2,2,3,1
3355,3,3,3,5
3356,3,1,3,3
3357,3,2,3,6
3358,2,3,4,7
3359,4,4,1,10
3360,1,2,2,26
3361,4,3,2,0
3362,4,3,2,9
3363,2,4,3,6
3364,4,1,3,15
3365,3,2,3,3
3366,3,2,3,1
3367,1,2,2,1
3368,3,1,3,7
3369,4,1,3,18
3370,3,3,3,11
3371,4,2,4,1
3372,1,1,3,1
3373,4,4,1,9
3374,4,2,3,1
3375,3,1,4,8
3376,3,4,3,16
3377,2,4,3,5
3378,1,3,1,14
3379,3,2,2,9
3380,3,4,3,3
3381,3,3,3,5
3382,4,4,2,9
3383,4,3,3,1
3384,3,3,4,17
3385,3,3,4,8
3386,3,4,3,5
3387,4,4,3,10
3388,NA,3,3,8
3389,2,2,2,1
3390,3,3,4,19
3391,1,4,3,7
3392,3,1,3,3
3393,4,3,3,10
3394,4,1,3,0
3395,2,4,3,3
3396,4,4,3,5
3397,4,4,2,5
3398,3,2,3,6
3399,1,3,4,18
3400,3,2,3,2
3401,4,1,3,9
3402,4,4,3,9
3403,1,3,3,5
3404,4,3,3,12
3405,3,3,2,2
3406,4,3,3,8
3407,4,3,3,4
3408,3,2,1,4
3409,3,1,3,4
3410,2,4,3,0
3411,3,3,3,10
3412,3,3,2,16
3413,2,1,2,8
3414,4,1,3,1
3415,2,2,3,3
3416,4,4,3,8
3417,2,1,2,4
3418,1,3,3,2
3419,3,3,3,15
3420,4,3,3,2
3421,4,4,3,21
3422,1,4,3,3
3423,2,4,2,3
3424,4,3,4,1
3425,1,4,3,1
3426,3,4,3,5
3427,1,2,1,1
3428,3,2,3,8
3429,2,3,3,21
3430,2,4,3,1
3431,2,1,3,2
3432,1,4,3,32
3433,4,4,3,12
3434,4,3,3,18
3435,3,1,3,17
3436,4,1,3,21
3437,2,4,2,2
3438,4,4,4,9
3439,4,3,3,8
3440,2,4,2,15
3441,2,4,1,6
3442,2,2,3,6
3443,3,2,3,15
3444,1,3,2,1
3445,1,1,3,3
3446,3,3,3,1
3447,4,2,3,1
3448,3,3,3,2
3449,2,3,2,8
3450,4,2,2,4
3451,3,1,2,7
3452,1,3,3,5
3453,4,4,3,2
3454,3,3,3,9
3455,1,3,3,5
3456,4,4,2,14
3457,3,1,4,9
3458,3,4,3,1
3459,4,4,3,2
3460,3,1,2,1
3461,4,1,3,16
3462,1,3,4,10
3463,2,1,2,10
3464,1,1,3,5
3465,3,1,2,6
3466,2,3,3,10
3467,3,3,2,19
3468,1,4,3,11
3469,1,3,3,3
3470,4,2,3,3
3471,3,3,4,8
3472,2,1,3,20
3473,4,4,3,3
3474,4,1,3,8
3475,1,3,3,13
3476,1,3,2,4
3477,1,4,2,6
3478,4,4,3,1
3479,4,4,4,7
3480,1,3,2,1
3481,1,2,3,2
3482,4,1,3,22
3483,1,2,3,1
3484,4,3,3,0
3485,4,2,3,3
3486,3,4,3,0
3487,1,4,2,5
3488,2,3,3,15
3489,2,2,3,8
3490,3,3,3,8
3491,3,4,3,7
3492,4,2,2,9
3493,1,3,3,12
3494,4,2,3,1
3495,3,1,3,8
3496,1,4,3,18
3497,3,3,4,20
3498,4,2,4,2
3499,3,2,2,5
3500,1,4,3,11
3501,3,4,3,2
3502,1,2,1,5
3503,4,4,3,5
3504,4,2,3,9
3505,4,3,2,3
3506,4,2,2,7
3507,2,4,3,1
3508,2,4,2,10
3509,3,3,4,7
3510,3,3,3,3
3511,3,3,3,0
3512,1,1,3,5
3513,2,4,3,1
3514,3,3,2,2
3515,3,4,3,6
3516,4,3,3,4
3517,2,3,2,6
3518,3,3,1,5
3519,4,1,1,11
3520,2,3,2,18
3521,3,1,2,21
3522,2,1,4,6
3523,4,3,3,8
3524,4,2,3,4
3525,3,4,2,1
3526,1,4,3,8
3527,3,NA,3,10
3528,3,4,1,1
3529,3,2,4,7
3530,4,1,3,13
3531,4,4,4,2
3532,1,3,2,4
3533,3,1,3,1
3534,4,1,3,5
3535,NA,4,3,10
3536,3,1,3,1
3537,1,3,2,3
3538,4,4,2,14
3539,1,3,2,2
3540,3,3,3,6
3541,4,3,3,7
3542,2,4,2,5
3543,3,4,3,0
3544,3,1,3,26
3545,4,3,3,0
3546,2,3,3,5
3547,1,1,1,1
3548,3,1,3,4
3549,2,2,3,0
3550,4,1,3,2
3551,4,1,3,6
3552,4,2,3,4
3553,3,1,3,7
3554,4,2,1,1
3555,2,3,2,10
3556,3,3,3,7
3557,3,3,2,10
3558,4,4,3,20
3559,3,4,3,2
3560,4,4,2,6
3561,4,1,4,4
3562,2,4,3,11
3563,3,2,3,2
3564,4,3,3,8
3565,3,1,3,7
3566,1,4,3,14
3567,2,2,4,5
3568,3,4,3,4
3569,4,2,3,11
3570,1,1,3,1
3571,3,4,2,13
3572,1,1,2,9
3573,4,3,1,5
3574,1,4,3,10
3575,1,2,4,1
3576,1,4,3,3
3577,4,4,3,10
3578,3,1,2,6
3579,3,1,3,10
3580,3,4,3,6
3581,3,4,3,8
3582,1,3,4,1
3583,3,2,2,11
3584,4,2,2,1
3585,1,3,3,5
3586,3,4,3,6
3587,4,4,4,1
3588,4,4,2,7
3589,3,3,2,1
3590,2,2,3,22
3591,4,3,3,9
3592,2,4,3,1
3593,4,3,3,1
3594,3,4,3,1
3595,3,4,2,8
3596,1,2,3,24
3597,4,2,3,33
3598,1,3,1,2
3599,4,2,3,11
3600,3,1,3,3
3601,4,2,2,29
3602,4,4,2,9
3603,3,2,4,11
3604,4,3,2,4
3605,3,1,2,25
3606,3,2,4,10
3607,3,3,3,3
3608,2,2,3,1
3609,4,4,4,21
3610,3,2,3,16
3611,1,4,3,10
3612,4,4,3,2
3613,2,3,2,7
3614,3,3,3,8
3615,2,3,3,7
3616,4,1,2,3
3617,4,2,2,2
3618,3,4,4,10
3619,2,2,3,0
3620,3,2,3,19
3621,1,3,3,2
3622,4,3,3,10
3623,3,1,3,5
3624,1,4,3,9
3625,4,3,3,7
3626,4,1,4,7
3627,3,4,3,9
3628,4,1,3,3
3629,4,2,3,5
3630,2,2,2,8
3631,2,1,3,9
3632,1,3,3,8
3633,4,3,2,10
3634,3,2,3,19
3635,4,2,4,3
3636,1,1,4,3
3637,3,3,2,20
3638,4,3,3,19
3639,4,2,3,7
3640,3,3,3,4
3641,4,4,2,9
3642,3,4,3,9
3643,3,1,3,9
3644,3,3,3,9
3645,3,2,3,33
3646,2,1,3,7
3647,3,1,4,10
3648,4,4,2,3
3649,3,1,2,10
3650,2,2,3,4
3651,1,1,2,15
3652,4,4,3,10
3653,3,4,3,1
3654,4,2,2,5
3655,4,4,NA,0
3656,4,4,3,9
3657,4,4,3,6
3658,1,3,2,19
3659,4,2,3,19
3660,1,3,3,5
3661,2,3,3,12
3662,2,3,3,8
3663,3,4,4,1
3664,4,3,2,4
3665,4,3,3,4
3666,3,4,4,14
3667,3,1,3,5
3668,4,3,2,10
3669,1,4,4,5
3670,2,2,3,4
3671,4,4,2,6
3672,3,3,3,6
3673,2,4,4,5
3674,3,2,2,3
3675,3,3,3,6
3676,1,3,2,3
3677,4,3,2,5
3678,1,3,1,20
3679,4,4,3,6
3680,4,3,3,8
3681,1,4,3,4
3682,NA,1,3,20
3683,3,1,1,5
3684,1,3,3,3
3685,3,4,3,2
3686,1,4,2,3
3687,3,1,3,7
3688,2,1,2,10
3689,1,1,3,4
3690,3,4,3,8
3691,4,4,2,20
3692,4,1,3,9
3693,2,4,4,7
3694,1,2,3,5
3695,2,3,3,1
3696,4,1,3,3
3697,1,2,4,3
3698,4,1,3,4
3699,1,2,4,1
3700,2,1,4,5
3701,1,4,2,10
3702,3,1,2,3
3703,1,4,2,6
3704,1,1,3,3
3705,3,3,1,6
3706,1,1,4,3
3707,1,3,4,20
3708,4,3,3,5
3709,4,4,2,4
3710,4,2,2,5
3711,2,3,2,4
3712,3,3,4,8
3713,1,4,3,13
3714,1,4,4,7
3715,1,1,4,1
3716,3,2,3,10
3717,2,1,3,7
3718,4,2,3,3
3719,2,4,1,2
3720,2,4,4,3
3721,3,1,3,2
3722,1,3,3,2
3723,4,2,3,9
3724,4,1,3,5
3725,3,3,3,5
3726,4,2,2,9
3727,1,3,2,3
3728,3,3,4,3
3729,4,2,2,5
3730,4,1,3,4
3731,4,1,3,13
3732,4,3,2,2
3733,1,4,3,12
3734,1,3,2,1
3735,3,3,2,1
3736,2,3,2,12
3737,3,2,3,8
3738,2,1,2,14
3739,1,3,4,3
3740,1,2,1,5
3741,1,2,4,15
3742,4,3,3,1
3743,2,1,2,0
3744,4,2,3,1
3745,2,3,2,2
3746,3,3,3,10
3747,3,3,4,5
3748,4,3,3,3
3749,1,2,3,5
3750,3,3,2,5
3751,3,1,2,0
3752,1,3,1,1
3753,3,1,3,4
3754,3,1,3,3
3755,4,2,3,3
3756,3,2,2,8
3757,4,3,3,0
3758,3,4,4,5
3759,2,4,3,14
3760,1,1,1,9
3761,4,1,4,20
3762,2,2,3,2
3763,3,2,4,13
3764,4,2,1,11
3765,1,3,3,4
3766,4,1,1,5
3767,4,3,3,10
3768,4,3,1,7
3769,3,4,3,32
3770,2,3,3,11
3771,3,2,3,1
3772,1,4,3,10
3773,3,1,3,7
3774,4,2,3,5
3775,4,4,3,5
3776,4,4,1,20
3777,1,1,4,8
3778,2,3,3,15
3779,3,NA,3,21
3780,3,1,3,1
3781,4,4,3,2
3782,1,2,3,10
3783,2,3,3,5
3784,4,2,3,7
3785,3,4,2,3
3786,3,3,3,8
3787,3,3,2,1
3788,1,1,1,2
3789,2,1,3,10
3790,3,3,3,6
3791,4,1,3,3
3792,3,2,3,4
3793,1,1,3,1
3794,3,4,3,33
3795,3,2,3,5
3796,4,1,2,6
3797,3,1,2,8
3798,1,4,1,1
3799,3,4,3,36
3800,2,4,2,2
3801,1,4,3,1
3802,3,2,3,9
3803,2,2,4,3
3804,2,3,3,1
3805,2,1,3,10
3806,1,3,3,5
3807,4,3,3,7
3808,1,4,4,6
3809,3,3,3,1
3810,4,3,3,2
3811,1,1,3,3
3812,4,4,3,1
3813,2,3,2,10
3814,4,3,2,8
3815,4,1,3,5
3816,4,2,3,6
3817,3,4,2,1
3818,4,1,1,26
3819,3,2,3,1
3820,2,3,2,4
3821,2,3,3,30
3822,2,4,3,3
3823,2,4,2,22
3824,2,2,2,6
3825,3,1,3,10
3826,1,1,3,10
3827,4,1,3,5
3828,3,3,3,3
3829,3,4,3,9
3830,3,1,2,9
3831,2,1,3,7
3832,4,1,3,7
3833,2,1,3,16
3834,2,1,2,5
3835,3,4,3,2
3836,2,4,4,0
3837,4,3,3,5
3838,3,3,3,10
3839,1,3,3,18
3840,3,3,3,14
3841,3,3,2,4
3842,1,3,1,9
3843,4,4,3,10
3844,4,3,4,5
3845,4,1,3,13
3846,2,2,1,8
3847,3,4,2,4
3848,1,4,3,10
3849,3,4,3,2
3850,1,4,2,2
3851,1,4,3,6
3852,2,3,3,3
3853,4,4,2,4
3854,1,1,1,4
3855,3,3,3,5
3856,2,1,3,3
3857,4,3,3,7
3858,4,2,3,5
3859,1,2,3,4
3860,4,1,3,14
3861,3,3,3,2
3862,4,2,3,11
3863,1,2,3,4
3864,3,3,3,15
3865,4,3,3,3
3866,4,1,3,5
3867,2,3,3,10
3868,3,3,3,14
3869,4,4,4,11
3870,4,4,4,13
3871,1,2,2,10
3872,4,4,3,6
3873,4,2,2,9
3874,1,4,3,10
3875,4,1,2,2
3876,4,2,3,4
3877,2,2,3,3
3878,3,3,3,8
3879,4,3,3,2
3880,4,1,3,2
3881,3,4,3,6
3882,1,3,2,3
3883,3,4,3,2
3884,4,3,3,5
3885,4,3,2,0
3886,2,4,NA,4
3887,4,3,3,9
3888,4,2,3,1
3889,4,4,3,7
3890,1,2,3,4
3891,2,4,4,15
3892,3,4,4,1
3893,2,2,3,14
3894,3,4,2,6
3895,2,4,3,10
3896,3,4,3,3
3897,3,4,3,8
3898,1,4,4,5
3899,4,4,3,10
3900,3,3,3,5
3901,4,3,3,10
3902,4,3,3,5
3903,3,4,2,13
3904,3,3,2,23
3905,4,3,3,1
3906,3,3,1,23
3907,4,3,4,3
3908,4,2,3,21
3909,1,3,2,5
3910,2,3,4,5
3911,3,2,3,3
3912,2,1,3,1
3913,2,1,4,6
3914,3,2,3,10
3915,4,3,3,7
3916,2,4,2,10
3917,3,2,1,1
3918,3,4,2,10
3919,2,1,3,2
3920,1,2,3,0
3921,3,2,1,3
3922,4,4,2,5
3923,4,4,3,9
3924,4,3,1,4
3925,2,2,2,21
3926,3,3,4,5
3927,4,1,3,9
3928,1,4,3,2
3929,3,4,2,4
3930,1,3,3,5
3931,3,4,2,6
3932,2,2,3,2
3933,4,3,4,3
3934,3,1,3,7
3935,4,4,3,5
3936,4,2,2,11
3937,4,4,4,5
3938,1,1,2,0
3939,3,2,2,6
3940,1,3,3,1
3941,4,1,3,1
3942,3,3,3,7
3943,2,2,3,7
3944,2,4,3,1
3945,3,3,3,1
3946,2,2,2,5
3947,3,1,3,1
3948,4,2,2,9
3949,3,1,3,5
3950,4,3,3,15
3951,1,3,2,3
3952,2,4,3,9
3953,4,4,3,2
3954,2,2,3,1
3955,4,3,3,5
3956,3,1,3,1
3957,1,4,3,12
3958,1,3,3,2
3959,2,2,3,5
3960,3,4,3,2
3961,4,1,3,12
3962,3,2,2,5
3963,3,2,2,10
3964,3,4,3,10
3965,4,1,3,10
3966,3,4,4,5
3967,3,3,3,4
3968,2,2,3,2
3969,3,1,2,4
3970,2,1,2,0
3971,2,4,3,7
3972,1,2,3,11
3973,4,1,2,7
3974,4,1,1,10
3975,3,4,3,2
3976,1,3,2,3
3977,2,2,1,3
3978,3,3,4,22
3979,1,3,3,7
3980,4,2,3,5
3981,4,2,4,9
3982,3,4,3,5
3983,2,3,3,10
3984,2,2,2,16
3985,2,3,4,5
3986,3,2,3,22
3987,2,1,3,7
3988,4,4,2,7
3989,1,1,3,3
3990,3,1,3,3
3991,2,4,2,4
3992,3,4,3,5
3993,1,3,3,2
3994,2,3,1,0
3995,4,1,3,1
3996,1,1,3,2
3997,NA,3,4,8
3998,4,2,3,1
3999,1,4,3,7
4000,4,4,2,5
4001,4,4,4,11
4002,4,4,4,0
4003,3,3,2,6
4004,2,3,3,2
4005,4,4,2,9
4006,3,4,3,3
4007,4,3,3,7
4008,4,3,3,0
4009,3,2,2,2
4010,1,1,3,19
4011,2,3,3,9
4012,4,2,3,1
4013,1,3,3,16
4014,4,2,3,22
4015,4,4,2,1
4016,3,2,3,8
4017,4,1,2,7
4018,4,4,3,2
4019,2,4,4,5
4020,2,2,3,1
4021,2,4,2,1
4022,4,2,3,1
4023,2,3,3,10
4024,2,3,3,10
4025,3,4,3,5
4026,4,1,3,3
4027,4,1,3,5
4028,4,2,3,3
4029,2,4,2,9
4030,2,4,2,10
4031,1,NA,3,19
4032,2,3,2,1
4033,1,3,2,8
4034,4,4,3,22
4035,2,1,3,2
4036,4,1,3,5
4037,1,4,3,4
4038,3,2,1,4
4039,3,2,3,5
4040,3,1,4,13
4041,3,4,3,5
4042,4,4,2,4
4043,1,3,2,2
4044,3,4,3,7
4045,2,3,3,4
4046,2,3,2,10
4047,3,4,3,7
4048,3,1,3,1
4049,1,3,3,3
4050,2,2,2,5
4051,3,4,3,15
4052,4,3,3,2
4053,3,2,4,8
4054,4,1,3,0
4055,1,1,3,10
4056,4,2,3,20
4057,4,4,2,1
4058,1,3,3,4
4059,2,4,4,5
4060,2,4,3,5
4061,2,4,3,0
4062,1,2,3,1
4063,2,1,1,5
4064,3,3,2,5
4065,3,1,4,4
4066,1,2,3,5
4067,1,4,2,14
4068,4,3,2,8
4069,3,1,2,7
4070,1,1,2,5
4071,3,4,3,5
4072,4,1,3,10
4073,3,4,2,4
4074,1,1,2,1
4075,3,4,3,10
4076,4,4,3,7
4077,4,4,3,1
4078,1,4,3,10
4079,1,1,2,2
4080,1,3,2,4
4081,4,3,3,9
4082,1,3,3,10
4083,4,2,3,6
4084,3,2,3,10
4085,4,4,3,1
4086,2,1,3,20
4087,4,3,3,20
4088,3,3,4,11
4089,3,1,3,5
4090,2,3,2,4
4091,4,4,4,5
4092,4,3,4,10
4093,2,2,3,11
4094,3,2,3,2
4095,4,2,2,12
4096,4,3,2,2
4097,1,3,3,17
4098,2,3,2,1
4099,4,2,3,15
4100,1,3,3,2
4101,1,3,3,8
4102,4,1,2,4
4103,4,4,3,5
4104,3,2,1,13
4105,4,3,3,2
4106,4,3,4,3
4107,2,3,3,10
4108,2,4,3,9
4109,3,2,3,6
4110,1,4,2,1
4111,2,2,3,2
4112,1,4,3,7
4113,2,3,3,18
4114,3,4,3,14
4115,3,4,3,16
4116,1,3,2,5
4117,1,4,NA,9
4118,2,4,3,4
4119,3,1,3,2
4120,4,4,2,6
4121,4,1,2,1
4122,1,4,3,9
4123,4,2,3,4
4124,3,3,2,13
4125,1,4,4,2
4126,1,3,2,22
4127,4,3,1,10
4128,1,2,3,20
4129,4,3,3,8
4130,4,4,2,15
4131,3,2,3,5
4132,4,1,3,4
4133,3,4,3,9
4134,1,4,3,10
4135,2,3,3,6
4136,2,4,2,6
4137,4,3,3,5
4138,3,3,3,2
4139,3,3,4,10
4140,3,3,3,5
4141,3,4,3,4
4142,4,2,3,4
4143,4,1,1,5
4144,4,1,3,3
4145,2,4,2,20
4146,2,1,3,9
4147,4,3,3,4
4148,3,4,3,5
4149,4,1,3,7
4150,2,2,3,6
4151,4,2,2,9
4152,2,3,4,4
4153,2,4,1,6
4154,3,2,3,10
4155,4,3,3,0
4156,4,3,3,8
4157,1,2,3,2
4158,4,4,2,7
4159,3,1,2,1
4160,4,3,3,1
4161,4,3,3,9
4162,3,3,2,7
4163,1,2,3,5
4164,4,3,3,9
4165,1,3,2,5
4166,2,4,3,2
4167,3,3,3,4
4168,2,1,3,10
4169,1,2,2,6
4170,4,4,2,1
4171,1,4,3,25
4172,4,4,3,3
4173,1,3,2,4
4174,3,1,3,5
4175,1,2,3,12
4176,3,4,3,0
4177,2,1,3,4
4178,3,3,2,14
4179,2,1,3,10
4180,3,2,3,9
4181,1,4,3,22
4182,2,1,2,2
4183,3,4,3,1
4184,4,4,4,4
4185,4,3,3,10
4186,4,4,4,1
4187,2,4,2,2
4188,4,3,2,5
4189,1,3,3,3
4190,4,4,3,2
4191,2,1,4,1
4192,3,1,3,5
4193,3,4,3,1
4194,4,1,3,1
4195,1,3,2,1
4196,4,3,3,9
4197,3,4,3,12
4198,2,3,3,22
4199,2,3,3,9
4200,2,2,3,1
4201,1,4,3,9
4202,4,4,3,1
4203,1,3,3,1
4204,3,3,2,2
4205,2,1,2,4
4206,3,1,3,4
4207,3,4,2,2
4208,1,4,3,15
4209,2,1,2,9
4210,3,1,3,2
4211,4,4,2,7
4212,1,3,4,7
4213,1,4,3,9
4214,4,4,3,10
4215,2,3,2,27
4216,1,1,2,21
4217,3,3,3,17
4218,4,3,3,5
4219,2,2,3,6
4220,2,NA,3,1
4221,2,1,2,3
4222,4,3,2,1
4223,1,3,2,4
4224,3,2,3,5
4225,3,2,3,1
4226,2,2,3,10
4227,2,4,3,1
4228,3,4,3,11
4229,3,1,3,15
4230,4,1,4,0
4231,1,3,4,5
4232,2,2,3,4
4233,4,4,2,10
4234,2,3,3,6
4235,1,4,3,1
4236,2,4,3,13
4237,1,2,3,5
4238,4,4,2,6
4239,3,1,3,0
4240,4,4,3,4
4241,3,4,3,11
4242,3,4,3,9
4243,3,2,2,22
4244,3,4,1,10
4245,3,2,2,11
4246,3,1,2,10
4247,2,3,3,11
4248,1,3,1,4
4249,1,3,2,3
4250,2,3,4,5
4251,4,3,2,37
4252,2,2,4,3
4253,3,1,3,3
4254,4,1,3,1
4255,4,4,3,1
4256,1,3,3,16
4257,3,4,4,1
4258,3,4,3,3
4259,1,2,2,8
4260,3,3,3,6
4261,4,4,3,2
4262,2,4,3,0
4263,1,1,2,13
4264,1,3,3,9
4265,4,4,3,5
4266,2,3,3,5
4267,3,2,3,1
4268,3,4,3,5
4269,3,1,3,11
4270,2,4,3,9
4271,1,4,3,1
4272,3,4,4,25
4273,1,3,2,10
4274,3,2,4,7
4275,2,2,3,5
4276,1,3,3,20
4277,2,3,2,7
4278,3,2,2,5
4279,4,4,2,40
4280,4,3,2,0
4281,3,4,3,2
4282,3,1,2,15
4283,2,3,3,3
4284,3,4,3,2
4285,2,3,3,2
4286,3,3,3,9
4287,3,3,3,8
4288,2,2,3,3
4289,1,4,3,4
4290,4,3,4,15
4291,1,3,3,2
4292,3,4,1,11
4293,1,1,4,5
4294,3,4,2,6
4295,4,3,3,3
4296,1,3,2,5
4297,4,4,4,8
4298,4,1,3,3
4299,2,4,3,5
4300,4,1,2,7
4301,3,1,3,5
4302,2,2,3,1
4303,2,2,3,20
4304,3,2,3,10
4305,2,3,1,7
4306,2,2,NA,17
4307,2,4,3,9
4308,4,3,3,10
4309,2,3,3,1
4310,2,2,2,1
4311,3,4,2,12
4312,3,3,3,4
4313,3,4,3,2
4314,4,2,1,2
4315,3,4,1,5
4316,3,4,1,5
4317,3,3,2,1
4318,3,2,3,5
4319,1,3,3,9
4320,2,4,3,10
4321,1,4,4,8
4322,3,3,3,5
4323,3,2,2,5
4324,3,1,4,0
4325,4,2,2,8
4326,3,1,3,12
4327,3,1,4,5
4328,3,1,3,2
4329,3,4,4,3
4330,2,4,2,1
4331,2,1,3,24
4332,3,4,3,2
4333,NA,4,3,4
4334,4,2,3,3
4335,2,2,2,4
4336,3,3,2,3
4337,4,1,3,4
4338,4,2,3,8
4339,4,3,3,20
4340,3,2,3,24
4341,4,3,2,10
4342,4,2,3,7
4343,3,3,3,33
4344,4,2,2,7
4345,2,3,3,1
4346,4,NA,4,5
4347,1,4,3,20
4348,2,1,2,8
4349,2,2,3,6
4350,3,3,3,5
4351,4,3,3,1
4352,4,4,1,7
4353,3,1,3,2
4354,4,4,3,7
4355,4,3,4,5
4356,3,4,4,7
4357,2,1,3,1
4358,2,4,2,10
4359,4,2,2,4
4360,2,4,3,8
4361,4,4,1,3
4362,4,1,3,4
4363,4,4,2,14
4364,3,3,3,11
4365,4,3,3,7
4366,2,2,1,10
4367,4,1,3,5
4368,4,4,3,1
4369,3,1,2,6
4370,3,3,2,6
4371,4,4,3,19
4372,4,1,3,6
4373,4,2,4,13
4374,3,2,3,3
4375,2,4,3,10
4376,1,3,2,16
4377,3,3,3,5
4378,3,4,3,1
4379,1,4,3,9
4380,2,4,3,11
4381,3,3,4,10
4382,3,4,2,4
4383,3,4,2,2
4384,3,4,3,22
4385,2,3,2,2
4386,4,4,2,7
4387,3,4,1,5
4388,4,4,3,17
4389,1,1,4,9
4390,1,3,4,33
4391,3,2,3,4
4392,4,3,1,3
4393,3,3,3,3
4394,3,4,3,3
4395,3,1,2,1
4396,1,4,3,9
4397,3,4,3,24
4398,2,3,3,2
4399,3,4,2,2
4400,4,1,3,11
4401,3,1,2,3
4402,1,3,3,3
4403,1,3,3,1
4404,3,3,3,19
4405,3,4,3,6
4406,4,1,3,3
4407,4,4,3,3
4408,1,3,3,4
4409,4,1,3,9
4410,1,3,NA,21